/*
 Navicat Premium Data Transfer

 Source Server         : accreditation
 Source Server Type    : MySQL
 Source Server Version : 100422
 Source Host           : localhost:3306
 Source Schema         : accreditation_db

 Target Server Type    : MySQL
 Target Server Version : 100422
 File Encoding         : 65001

 Date: 02/10/2022 17:40:49
*/

SET NAMES utf8mb4;
SET FOREIGN_KEY_CHECKS = 0;

-- ----------------------------
-- Table structure for certificate_details
-- ----------------------------
DROP TABLE IF EXISTS `certificate_details`;
CREATE TABLE `certificate_details`  (
  `id` bigint UNSIGNED NOT NULL AUTO_INCREMENT,
  `h1` varchar(255) CHARACTER SET utf8mb4 COLLATE utf8mb4_unicode_ci NOT NULL,
  `p1` longtext CHARACTER SET utf8mb4 COLLATE utf8mb4_unicode_ci NULL,
  `v1` varchar(255) CHARACTER SET utf8mb4 COLLATE utf8mb4_unicode_ci NULL DEFAULT NULL,
  `h2` varchar(255) CHARACTER SET utf8mb4 COLLATE utf8mb4_unicode_ci NULL DEFAULT NULL,
  `p2` varchar(255) CHARACTER SET utf8mb4 COLLATE utf8mb4_unicode_ci NULL DEFAULT NULL,
  `v2` varchar(255) CHARACTER SET utf8mb4 COLLATE utf8mb4_unicode_ci NULL DEFAULT NULL,
  `li` longtext CHARACTER SET utf8mb4 COLLATE utf8mb4_unicode_ci NULL,
  `certificate_id` bigint UNSIGNED NOT NULL,
  `created_at` timestamp NULL DEFAULT NULL,
  `updated_at` timestamp NULL DEFAULT NULL,
  PRIMARY KEY (`id`) USING BTREE,
  INDEX `certificate_details_certificate_id_foreign`(`certificate_id` ASC) USING BTREE,
  CONSTRAINT `certificate_details_certificate_id_foreign` FOREIGN KEY (`certificate_id`) REFERENCES `certificates` (`id`) ON DELETE RESTRICT ON UPDATE RESTRICT
) ENGINE = InnoDB AUTO_INCREMENT = 24 CHARACTER SET = utf8mb4 COLLATE = utf8mb4_unicode_ci ROW_FORMAT = Dynamic;

-- ----------------------------
-- Records of certificate_details
-- ----------------------------
INSERT INTO `certificate_details` VALUES (8, 'DevOps Certifications', 'Looking for smoother workflows and faster deployment? BCS DevOps certification offers the ideal introduction for individuals and organisations making the move to the DevOps way of working.', '/storage/20220105_143650.mp4', 'DevOps Certification Portfolio', NULL, NULL, 'Get your DevOps journey off to the best start by understanding the fundamental DevOps values methods and techniques.,The BCS Foundation Level Certificate in DevOps provides framework-agnostic training with core DevOps values at the heart of every discussion supported by practical examples bringing the values to life.,The foundation certificate is just the first in our new series of certifications creating a complete BCS DevOps learning pathway. Coming soon: Practitioner level.', 4, '2022-01-05 14:36:50', '2022-01-05 14:36:50');
INSERT INTO `certificate_details` VALUES (14, 'GDPR and Data Protection Certifications', 'Build your knowledge of how GDPR and Data Protection will affect your business, helping you to ensure your organisation will be compliant. Make sure you understand the new rules and equip yourself to be a subject matter expert.', '/storage/20220106_120249.mp4', 'GDPR & Data Protection Certification Portfolio', NULL, NULL, NULL, 5, '2022-01-06 12:02:49', '2022-01-06 12:02:49');
INSERT INTO `certificate_details` VALUES (15, 'Information Security and CCP Scheme Certifications', 'Aligned to the ISO/IEC 27000 series and BS 25999 standards, IT professionals can start with our broad based foundation course and progress to more subject focused practitioner certifications.', '/storage/20220106_122110.mp4', 'Information Security & CCP Assured Service', NULL, NULL, NULL, 6, '2022-01-06 12:21:10', '2022-01-06 12:21:10');
INSERT INTO `certificate_details` VALUES (16, 'Agile Certifications', 'This comprehensive Agile certification programme provides a complete Agile learning pathway. It sets an industry benchmark that supports Agile transformation to deliver value across your organisation straight away.', '/storage/20220107_094644.mp4', 'Agile Certification Portfolio', NULL, NULL, NULL, 1, '2022-01-07 09:46:44', '2022-01-07 09:46:44');
INSERT INTO `certificate_details` VALUES (17, 'Artificial Intelligence (AI) Certifications', 'AI is already pervasive across many sectors. The vast majority of software and systems already incorporate elements of AI, in its broadest sense, specifically in regard to machine learning.', '/storage/20220107_095351.mp4', 'Artificial Intelligence (AI) Certifications Portfolio', NULL, NULL, NULL, 2, '2022-01-07 09:53:51', '2022-01-07 09:53:51');
INSERT INTO `certificate_details` VALUES (18, 'Business Analysis Certifications', 'Attain a leading business analysis certification and demonstrate that you’ve met the high standards set by BCS, The Chartered Institute for IT. Over 100,000 professionals worldwide are certified with BCS.', '/storage/20220107_100625.mp4', 'Business Analysis Certifications Portfolio', NULL, NULL, 'Develop your skills to support successful business change programmes,Gain an internationally recognised certification enabling you to take your skills around the world,Become an Associate Member for free on gaining a certification and enjoy all the benefits of membership,Map your skills and identify your goals along your career path by following the SFIAplus industry-standard framework,', 3, '2022-01-07 10:06:25', '2022-01-07 10:06:25');
INSERT INTO `certificate_details` VALUES (19, 'IT Asset Management Certifications', 'Asset management is becoming increasingly important to organisations and an absolutely vital tool in managing often uncontrollable costs. Qualified and experienced asset managers are highly valued by their organisations.', '/storage/20220107_104659.mp4', 'IT Asset Management Certification Portfolio', NULL, NULL, NULL, 7, '2022-01-07 10:46:59', '2022-01-07 10:46:59');
INSERT INTO `certificate_details` VALUES (20, 'IT Service Management Certification', 'IT service management (known as ITSM) is the craft of implementing, managing, and delivering IT services to meet the needs of an organization. It ensures that the appropriate mix of people, processes, and technology are in place to provide value.', NULL, NULL, NULL, NULL, NULL, 8, '2022-01-07 10:51:53', '2022-01-07 10:51:53');
INSERT INTO `certificate_details` VALUES (21, 'Open Stack Software Certification', 'OpenStack is an open source platform that uses pooled virtual resources to build and manage private and public clouds. The tools that comprise the OpenStack platform, called \"projects,\" handle the core cloud-computing services of compute, networking, storage, identity, and image services', NULL, NULL, NULL, NULL, NULL, 17, '2022-01-07 10:53:21', '2022-01-07 10:53:21');
INSERT INTO `certificate_details` VALUES (22, 'Project Management', 'Our project management portfolio provides comprehensive support for individuals and organisations around the world.', '/storage/20220107_105453.mp4', 'Project and Programme Management and Consultancy Certification Portfolio', NULL, NULL, NULL, 18, '2022-01-07 10:54:53', '2022-01-07 10:54:53');
INSERT INTO `certificate_details` VALUES (23, 'User Experience (UX) Certifications', 'Designed to ensure candidates have suitable knowledge of the core concepts of user experience and are aware of the most common tools, techniques and methods used in the field.', '/storage/20220107_105727.mp4', 'User Experience (UX) Certification Portfolio', NULL, NULL, NULL, 19, '2022-01-07 10:57:27', '2022-01-07 10:57:27');

-- ----------------------------
-- Table structure for certificate_details_accordians
-- ----------------------------
DROP TABLE IF EXISTS `certificate_details_accordians`;
CREATE TABLE `certificate_details_accordians`  (
  `id` bigint UNSIGNED NOT NULL AUTO_INCREMENT,
  `certificate_details_id` varchar(255) CHARACTER SET utf8mb4 COLLATE utf8mb4_unicode_ci NOT NULL,
  `main_h` varchar(255) CHARACTER SET utf8mb4 COLLATE utf8mb4_unicode_ci NOT NULL,
  `h1` varchar(255) CHARACTER SET utf8mb4 COLLATE utf8mb4_unicode_ci NOT NULL,
  `p1` longtext CHARACTER SET utf8mb4 COLLATE utf8mb4_unicode_ci NULL,
  `a` longtext CHARACTER SET utf8mb4 COLLATE utf8mb4_unicode_ci NOT NULL,
  `certification` longtext CHARACTER SET utf8mb4 COLLATE utf8mb4_unicode_ci NOT NULL,
  `h2` varchar(255) CHARACTER SET utf8mb4 COLLATE utf8mb4_unicode_ci NOT NULL,
  `p2` varchar(255) CHARACTER SET utf8mb4 COLLATE utf8mb4_unicode_ci NOT NULL,
  `created_at` timestamp NULL DEFAULT NULL,
  `updated_at` timestamp NULL DEFAULT NULL,
  PRIMARY KEY (`id`) USING BTREE
) ENGINE = InnoDB AUTO_INCREMENT = 29 CHARACTER SET = utf8mb4 COLLATE = utf8mb4_unicode_ci ROW_FORMAT = Dynamic;

-- ----------------------------
-- Records of certificate_details_accordians
-- ----------------------------
INSERT INTO `certificate_details_accordians` VALUES (2, '8', 'DevOps Certification Portfolio', 'Foundation', NULL, 'pagelist?BCS%20Foundation%20Level%20Certificate%20in%20DevOps## BCS Foundation Level Certificate in DevOps,', '', 'SFIAplus Level 1-3', 'At foundation level you can carry out a broad range of tasks, use your initiative and schedule your own and other people’s work.', '2022-01-06 10:27:47', '2022-01-06 10:27:47');
INSERT INTO `certificate_details_accordians` VALUES (10, '14', 'GDPR and Data Protection Certification Portfolio', 'Foundation', 'GDPR', 'pagelist?BCS%20Foundation%20Certificate%20in%20Data%20Protection## BCS Foundation Certificate in Data Protection,', '', 'SFIAplus Level 1-2', 'At foundation level you can carry out a broad range of tasks, use your initiative and schedule your own and other people\'s work.', '2022-01-06 12:05:29', '2022-01-06 12:05:29');
INSERT INTO `certificate_details_accordians` VALUES (11, '14', '', 'Practitioner', NULL, 'pagelist?BCS%20Practitioner%20Certificate%20in%20Data%20Protection##BCS Practitioner Certificate in Data Protection,', '', 'SFIAplus Level 3-4', 'At practitioner level you have a good level of operational business skills and can work on a broad range of complex activities.', '2022-01-06 12:17:02', '2022-01-06 12:17:02');
INSERT INTO `certificate_details_accordians` VALUES (12, '15', 'Information Security and CCP Assured Service', 'Essentials', NULL, 'pagelist?BCS%20EXIN%20Essentials%20Certificate%20in%20Blockchain##BCS EXIN Essentials Certificate in Blockchain,', '', 'SFIAplus Level 2', 'At essentials level, you can work under supervision to carry out a range of activities independently, monitor your own work in short timeframes and absorb technical information.', '2022-01-06 12:22:33', '2022-01-06 12:22:33');
INSERT INTO `certificate_details_accordians` VALUES (13, '15', '', 'Foundation', NULL, 'pagelist?BCS%20Foundation%20Certificate%20in%20Information%20Security%20Management%20Principles##BCS Foundation Certificate in Information Security Management Principles,pagelist?BCS%20EXIN%20Foundation%20Certificate%20in%20Blockchain##BCS EXIN Foundation Certificate in Blockchain,', '', 'SFIAplus Level 3', 'At foundation level you can carry out a broad range of tasks, use your initiative and schedule your own and other people’s work.', '2022-01-06 12:24:39', '2022-01-06 12:24:39');
INSERT INTO `certificate_details_accordians` VALUES (14, '15', '', 'Practitioner', NULL, 'pagelist?BCS%20Practitioner%20Certificate%20in%20Business%20Continuity%20Management##BCS Practitioner Certificate in Business Continuity Management,pagelist?BCS%20Practitioner%20Certificate%20in%20Freedom%20of%20Information##BCS Practitioner Certificate in Freedom of Information,pagelist?BCS%20Practitioner%20Certificate%20in%20Information%20Assurance%20Architecture## BCS Practitioner Certificate in Information Assurance Architecture,pagelist?BCS%20Practitioner%20Certificate%20in%20Information%20Assurance%20Architecture##BCS Practitioner Certificate in Information Risk Management,', '', 'SFIAplus Level 4-5', 'At practitioner level you have a good level of operational business skills and can work on a broad range of complex activities.', '2022-01-06 12:27:39', '2022-01-06 12:27:39');
INSERT INTO `certificate_details_accordians` VALUES (15, '15', '', 'Information Assurance Certification', NULL, 'pagelist?NCSC%20Certified%20Cyber%20Professional%20(CCP)%20assured%20service##NCSC Certified Cyber Professional (CCP) assured service,', '', '', '', '2022-01-06 12:30:13', '2022-01-06 12:30:13');
INSERT INTO `certificate_details_accordians` VALUES (16, '16', 'Agile Certification Portfolio', 'Foundation', NULL, 'pagelist?BCS%20Foundation%20Certificate%20in%20Agile##BCS Foundation Certificate in Agile,pagelist?BCS%20EXIN%20Foundation%20Certificate%20in%20Agile%20Scrum##BCS EXIN Foundation Certificate in Agile Scrum,', '', 'SFIAplus Level 3', 'At foundation level you can carry out a broad range of tasks, use your initiative and schedule your own and other people’s work.', '2022-01-07 09:48:22', '2022-01-07 09:48:22');
INSERT INTO `certificate_details_accordians` VALUES (17, '16', '', 'Practitioner', NULL, 'pagelist?BCS%20EXIN%20Practitioner%20Certificate%20in%20Agile%20Scrum%20Master##BCS EXIN Practitioner Certificate in Agile Scrum Master,pagelist?BCS%20EXIN%20Practitioner%20Certificate%20in%20Agile%20Scrum%20Product%20Owner##BCS EXIN Practitioner Certificate in Agile Scrum Product Owner,pagelist?BCS%20EXIN%20Practitioner%20Certificate%20in%20Agile%20Scrum%20Product%20Owner%20(Bridge)##BCS EXIN Practitioner Certificate in Agile Scrum Product Owner (Bridge),', '', 'SFIAplus Level 4', 'At practitioner level you have a good level of operational business skills and can work on a broad range of complex activities.', '2022-01-07 09:51:23', '2022-01-07 09:51:23');
INSERT INTO `certificate_details_accordians` VALUES (18, '17', 'Artificial Intelligence (AI) Certifications Portfolio', 'AI Pathway', NULL, 'pagelist?Artificial%20Intelligence%20Foundation%20Pathway##Artificial Intelligence Foundation Pathway,', '', 'SFIAplus Level 3', 'At this level you can carry out a broad range of tasks, use your initiative and schedule your own and other people’s work.', '2022-01-07 09:54:41', '2022-01-07 09:54:41');
INSERT INTO `certificate_details_accordians` VALUES (19, '17', '', 'Essentials', NULL, 'pagelist?BCS%20Essentials%20Certificate%20in%20Artificial%20Intelligence## BCS Essentials Certificate in Artificial Intelligence,', '', 'SFIAplus Level 2', 'At essentials level, you can work under supervision to carry out a range of activities independently, monitor your own work in short timeframes and absorb technical information.', '2022-01-07 09:55:40', '2022-01-07 09:55:40');
INSERT INTO `certificate_details_accordians` VALUES (20, '17', '', 'Foundation', NULL, 'pagelist?BCS%20Foundation%20Certificate%20in%20Artificial%20Intelligence##BCS Foundation Certificate in Artificial Intelligence\n,', '', 'SFIAplus Level 2', 'At foundation level you can carry out a broad range of tasks, use your initiative and schedule your own and other people’s work.', '2022-01-07 10:04:40', '2022-01-07 10:04:40');
INSERT INTO `certificate_details_accordians` VALUES (21, '18', 'Business Analysis Certifications Portfolio', 'Foundation', 'You’re getting started in business analysis and you want to develop a broad understanding of the latest principles and approaches. Most people begin their business analysis journey here.', 'pagelist?Foundation%20Certificate%20in%20Business%20Analysis## Business Analysis Foundation,pagelist?Foundation%20Certificate%20in%20Business%20Change## Business Change,pagelist?Foundation%20Certificate%20in%20Organisation%20Behaviour##Organisation Behaviour,', '', 'SFIAplus Level 3', 'At foundation level you can carry out a broad range of tasks, use your initiative and schedule your own and other people’s work.', '2022-01-07 10:21:36', '2022-01-07 10:21:36');
INSERT INTO `certificate_details_accordians` VALUES (22, '18', '', 'Practitioner', 'You’ve gained a foundation level certification and you’d like to move on to demonstrate specialist practical skills. You can accumulate modules to gain a BCS International Diploma in Business Analysis too.', 'pagelist?Practitioner%20Certificate%20in%20Business%20Analysis%20Practice##Business Analysis Practice,pagelist?Practitioner%20Certificate%20in%20Benefits%20Management%20and%20Business%20Acceptance##Benefits Management and Business Acceptance,pagelist?Practitioner%20Certificate%20in%20Modelling%20Business%20Processes##Modelling Business Processes,pagelist?Practitioner%20Certificate%20in%20Data%20Management%20Essentials##Data Management Essentials,pagelist?Foundation%20Certificate%20in%20Requirements%20Engineering##Requirements Engineering,', 'pagelist?International%20Diploma%20in%20Business%20Analysis##International Diploma in Business Analysis,', 'SFIAplus Level 4', 'At practitioner level you have a good level of operational business skills and can work on a broad range of complex activities.', '2022-01-07 10:26:58', '2022-01-07 10:26:58');
INSERT INTO `certificate_details_accordians` VALUES (23, '18', '', 'Professional', 'You’re well on the way to becoming a Chartered IT Professional or Business Analysis Expert. You’re looking to gain certifications that show you have developed specialist analytical, business and personal skills. You can accumulate modules to work towards a BCS Advanced International Diploma in Business Analysis too.', 'pagelist?Professional%20Certificate%20in%20Advanced%20Requirements%20Engineering##Advanced Requirements Engineering,pagelist?Professional%20Certificate%20in%20Agile%20Business%20Analysis##Agile Business Analysis,pagelist?Professional%20Certificate%20in%20Benefits%20Planning%20Realisation##Benefits Planning Realisation,pagelist?Professional%20Certificate%20in%20Business%20Architecture##Business Architecture,pagelist?Professional%20Certificate%20in%20Business%20Finance##Business Finance,pagelist?Professional%20Certificate%20in%20Data%20Analysis##Data Analysis,pagelist?Professional%20Certificate%20in%20Stakeholder%20Engagement##Stakeholders Engagement,pagelist?Professional%20Certificate%20in%20Team%20Leadership##Team Leadership,', '', 'SFIAplus Level 5', 'At professional level you are self-sufficient and can influence the company you work for, often creating bold and innovative work.', '2022-01-07 10:39:23', '2022-01-07 10:39:23');
INSERT INTO `certificate_details_accordians` VALUES (24, '18', '', 'Consultant', 'You’re a senior Business Analyst with an extensive range of skills and experience. You’re looking to gain the highest certifications available to demonstrate your professional abilities.', '', 'pagelist?Advanced%20International%20Diploma%20in%20Business%20analysis##Advanced International Diploma in Business analysis,', 'SFIAplus Level 6', 'You’re a senior Business Analyst with an extensive range of skills and experience. You’re looking to gain the highest certifications available to demonstrate your professional abilities.', '2022-01-07 10:43:14', '2022-01-07 10:43:14');
INSERT INTO `certificate_details_accordians` VALUES (25, '18', '', 'Expert', 'You’re a senior Business Analyst looking to gain the highest level of certification to demonstrate your higher skill levels and expertise.', '', 'pagelist?Expert%20BA%20Award##Expert BA Award,', 'SFIAplus Level 7', 'At expert level you have a full range of management and leadership skills and make decisions that are critical to your organisation.', '2022-01-07 10:45:00', '2022-01-07 10:45:00');
INSERT INTO `certificate_details_accordians` VALUES (26, '19', 'IT Asset Management Certification Portfolio', 'Foundation', NULL, 'pagelist?BCS%20EXIN%20Essentials%20Certificate%20in%20Blockchain##BCS Foundation Certificate in Software and Hardware Asset Management (ISAHAM),', '', 'SFIAplus Level 3', 'At foundation level you can carry out a broad range of tasks, use your initiative and schedule your own and other people’s work.', '2022-01-07 10:47:58', '2022-01-07 10:47:58');
INSERT INTO `certificate_details_accordians` VALUES (27, '22', 'Project Management Portfolio', 'Foundation', NULL, 'pagelist?BCS%20Foundation%20Certificate%20in%20IS%20Project%20Management##BCS Foundation Certificate in IS Project Management,', '', 'SFIAplus Level 3', 'At foundation level you can carry out a broad range of tasks, use your initiative and schedule your own and other people\'s work.', '2022-01-07 10:55:43', '2022-01-07 10:55:43');
INSERT INTO `certificate_details_accordians` VALUES (28, '23', 'User Experience (UX) Certification Portfolio', 'Foundation', NULL, 'pagelist?BCS%20Foundation%20Certificate%20in%20User%20Experience##BCS Foundation Certificate in User Experience (UX),', '', 'SFIAplus Level 3', 'At foundation level you can carry out a broad range of tasks, use your initiative and schedule your own and other people’s work.', '2022-01-07 10:59:12', '2022-01-07 10:59:12');

-- ----------------------------
-- Table structure for certificates
-- ----------------------------
DROP TABLE IF EXISTS `certificates`;
CREATE TABLE `certificates`  (
  `id` bigint UNSIGNED NOT NULL AUTO_INCREMENT,
  `name` varchar(255) CHARACTER SET utf8mb4 COLLATE utf8mb4_unicode_ci NOT NULL,
  `created_at` timestamp NULL DEFAULT NULL,
  `updated_at` timestamp NULL DEFAULT NULL,
  PRIMARY KEY (`id`) USING BTREE
) ENGINE = InnoDB AUTO_INCREMENT = 22 CHARACTER SET = utf8mb4 COLLATE = utf8mb4_unicode_ci ROW_FORMAT = Dynamic;

-- ----------------------------
-- Records of certificates
-- ----------------------------
INSERT INTO `certificates` VALUES (1, 'Agile', '2022-01-07 09:45:59', '2022-01-07 09:45:59');
INSERT INTO `certificates` VALUES (2, 'Artificial Intelligence', '2022-01-07 09:53:10', '2022-01-07 09:53:10');
INSERT INTO `certificates` VALUES (3, 'Business Analysis', '2022-01-07 10:05:54', '2022-01-07 10:05:54');
INSERT INTO `certificates` VALUES (4, 'Devops', '2022-01-05 13:21:31', '2022-01-05 13:21:31');
INSERT INTO `certificates` VALUES (5, 'GDPR and Data Protection', '2022-01-06 12:02:12', '2022-01-06 12:02:12');
INSERT INTO `certificates` VALUES (6, 'Information Security and CCP Scheme', '2022-01-06 12:20:37', '2022-01-06 12:20:37');
INSERT INTO `certificates` VALUES (7, 'IT Asset Management', '2022-01-07 10:46:17', '2022-01-07 10:46:17');
INSERT INTO `certificates` VALUES (8, 'IT Service Management', '2022-01-07 10:50:31', '2022-01-07 10:50:31');
INSERT INTO `certificates` VALUES (17, 'Open Stack Software', '2022-01-07 10:52:09', '2022-01-07 10:52:09');
INSERT INTO `certificates` VALUES (18, 'Project Management', '2022-01-07 10:53:55', '2022-01-07 10:53:55');
INSERT INTO `certificates` VALUES (19, 'User Experience (UX)', '2022-01-07 10:56:40', '2022-01-07 10:56:40');

-- ----------------------------
-- Table structure for email_histories
-- ----------------------------
DROP TABLE IF EXISTS `email_histories`;
CREATE TABLE `email_histories`  (
  `id` int NOT NULL AUTO_INCREMENT,
  `first_name` varchar(50) CHARACTER SET utf8mb4 COLLATE utf8mb4_general_ci NOT NULL,
  `last_name` varchar(50) CHARACTER SET utf8mb4 COLLATE utf8mb4_general_ci NULL DEFAULT NULL,
  `email` varchar(100) CHARACTER SET utf8mb4 COLLATE utf8mb4_general_ci NOT NULL,
  `phone` varchar(16) CHARACTER SET utf8mb4 COLLATE utf8mb4_general_ci NOT NULL,
  `subject` varchar(100) CHARACTER SET utf8mb4 COLLATE utf8mb4_general_ci NOT NULL,
  `message` text CHARACTER SET utf8mb4 COLLATE utf8mb4_general_ci NOT NULL,
  `created_at` timestamp NULL DEFAULT current_timestamp,
  `updated_at` timestamp NOT NULL DEFAULT current_timestamp,
  PRIMARY KEY (`id`) USING BTREE
) ENGINE = InnoDB AUTO_INCREMENT = 21 CHARACTER SET = utf8mb4 COLLATE = utf8mb4_general_ci ROW_FORMAT = Dynamic;

-- ----------------------------
-- Records of email_histories
-- ----------------------------
INSERT INTO `email_histories` VALUES (1, 'test', 'test', 'fasukhera@gmail.com', '03045527577', 'test', 'test', '2022-09-23 17:30:03', '2022-09-23 17:30:03');
INSERT INTO `email_histories` VALUES (2, 'test', 'test', 'fasukhera@gmail.com', '03045527577', 'test', 'test', '2022-09-23 17:30:48', '2022-09-23 17:30:48');
INSERT INTO `email_histories` VALUES (3, 'Faran', 'Sukhera', 'admin@fota.com', '03045527577', 'test', 'test', '2022-09-23 17:31:31', '2022-09-23 17:31:31');
INSERT INTO `email_histories` VALUES (4, 'Faran', 'Sukhera', 'admin@fota.com', '03045527577', 'test', 'asd', '2022-09-23 17:44:41', '2022-09-23 17:44:41');
INSERT INTO `email_histories` VALUES (5, 'Faran', 'Sukhera', 'admin@fota.com', '03045527577', 'test', 'asd', '2022-09-23 17:47:45', '2022-09-23 17:47:45');
INSERT INTO `email_histories` VALUES (6, 'Faran', 'Sukhera', 'admin@fota.com', '03045527577', 'test', 'asdsaf', '2022-09-23 17:47:57', '2022-09-23 17:47:57');
INSERT INTO `email_histories` VALUES (7, 'Faran', 'Sukhera', 'fasukhera@gmail.com', '03045527577', 'test', 'test', '2022-09-23 18:08:29', '2022-09-23 18:08:29');
INSERT INTO `email_histories` VALUES (8, 'Faran', 'Sukhera', 'fasukhera@gmail.com', '03045527577', 'test', 'test', '2022-09-23 18:09:27', '2022-09-23 18:09:27');
INSERT INTO `email_histories` VALUES (9, 'Attiq', 'Rehman', 'superadmin@admin.com', '89686868', 'tkjfjj', 'FYUKUY', '2022-09-23 18:10:55', '2022-09-23 18:10:55');
INSERT INTO `email_histories` VALUES (10, 'Faran', 'Sukhera', 'fasukhera@gmail.com', '03045527577', 'test', 'test', '2022-09-23 19:00:03', '2022-09-23 19:00:03');
INSERT INTO `email_histories` VALUES (11, 'Faran', 'Sukhera', 'fasukhera@gmail.com', '03045527577', 'test', 'test', '2022-09-23 19:04:26', '2022-09-23 19:04:26');
INSERT INTO `email_histories` VALUES (12, 'Faran', 'Sukhera', 'admin@fota.com', '03045527577', 'test', 'test', '2022-09-23 19:21:08', '2022-09-23 19:21:08');
INSERT INTO `email_histories` VALUES (13, 'Faran', 'Sukhera', 'admin@fota.com', '03045527577', 'test', 'asd', '2022-09-23 19:23:43', '2022-09-23 19:23:43');
INSERT INTO `email_histories` VALUES (14, 'Faran', 'Sukhera', 'admin@fota.com', '03045527577', 'test', 'asd', '2022-09-23 19:26:02', '2022-09-23 19:26:02');
INSERT INTO `email_histories` VALUES (15, 'Faran', 'Sukhera', 'fasukhera@gmail.com', '03045527577', 'subject', 'adsa', '2022-09-23 19:41:30', '2022-09-23 19:41:30');
INSERT INTO `email_histories` VALUES (16, 'Faran', 'Sukhera', 'fasukhera@gmail.com', '03045527577', 'subject', 'fasf', '2022-09-23 19:43:10', '2022-09-23 19:43:10');
INSERT INTO `email_histories` VALUES (17, 'Muhammad', 'Saad', 'saad@mayfairitconsultancy.com', '+447405593007', 'subject', 'dd', '2022-09-23 20:38:42', '2022-09-23 20:38:42');
INSERT INTO `email_histories` VALUES (18, 'Test', 'Test', 'TEst', 'TEs', 'subject', 'TEst', '2022-09-26 14:52:08', '2022-09-26 14:52:08');
INSERT INTO `email_histories` VALUES (19, 's', 's', 's', 's', 'subject', 's', '2022-09-27 07:35:39', '2022-09-27 07:35:39');
INSERT INTO `email_histories` VALUES (20, 's', 's', 's', 's', 'subject', 's', '2022-09-27 07:52:45', '2022-09-27 07:52:45');

-- ----------------------------
-- Table structure for failed_jobs
-- ----------------------------
DROP TABLE IF EXISTS `failed_jobs`;
CREATE TABLE `failed_jobs`  (
  `id` bigint UNSIGNED NOT NULL AUTO_INCREMENT,
  `connection` text CHARACTER SET utf8mb4 COLLATE utf8mb4_unicode_ci NOT NULL,
  `queue` text CHARACTER SET utf8mb4 COLLATE utf8mb4_unicode_ci NOT NULL,
  `payload` longtext CHARACTER SET utf8mb4 COLLATE utf8mb4_unicode_ci NOT NULL,
  `exception` longtext CHARACTER SET utf8mb4 COLLATE utf8mb4_unicode_ci NOT NULL,
  `failed_at` timestamp NOT NULL DEFAULT current_timestamp,
  PRIMARY KEY (`id`) USING BTREE
) ENGINE = InnoDB AUTO_INCREMENT = 1 CHARACTER SET = utf8mb4 COLLATE = utf8mb4_unicode_ci ROW_FORMAT = Dynamic;

-- ----------------------------
-- Records of failed_jobs
-- ----------------------------

-- ----------------------------
-- Table structure for higher_page
-- ----------------------------
DROP TABLE IF EXISTS `higher_page`;
CREATE TABLE `higher_page`  (
  `id` bigint UNSIGNED NOT NULL AUTO_INCREMENT,
  `a1` longtext CHARACTER SET utf8mb4 COLLATE utf8mb4_unicode_ci NOT NULL,
  `a2` longtext CHARACTER SET utf8mb4 COLLATE utf8mb4_unicode_ci NOT NULL,
  `a3` longtext CHARACTER SET utf8mb4 COLLATE utf8mb4_unicode_ci NOT NULL,
  `a4` longtext CHARACTER SET utf8mb4 COLLATE utf8mb4_unicode_ci NOT NULL,
  `certificate_id` bigint UNSIGNED NOT NULL,
  `created_at` timestamp NULL DEFAULT NULL,
  `updated_at` timestamp NULL DEFAULT NULL,
  `exh` longtext CHARACTER SET utf8mb4 COLLATE utf8mb4_unicode_ci NULL,
  `exp` longtext CHARACTER SET utf8mb4 COLLATE utf8mb4_unicode_ci NULL,
  `exli` longtext CHARACTER SET utf8mb4 COLLATE utf8mb4_unicode_ci NULL,
  `a5` longtext CHARACTER SET utf8mb4 COLLATE utf8mb4_unicode_ci NULL,
  `a6` longtext CHARACTER SET utf8mb4 COLLATE utf8mb4_unicode_ci NULL,
  `membership_id` bigint UNSIGNED NOT NULL,
  `a7` longtext CHARACTER SET utf8mb4 COLLATE utf8mb4_unicode_ci NOT NULL,
  PRIMARY KEY (`id`) USING BTREE,
  INDEX `page_certificate_details_certificate_id_foreign`(`certificate_id` ASC) USING BTREE,
  CONSTRAINT `higher_page_ibfk_1` FOREIGN KEY (`certificate_id`) REFERENCES `page_certificate_details` (`id`) ON DELETE RESTRICT ON UPDATE RESTRICT
) ENGINE = InnoDB AUTO_INCREMENT = 58 CHARACTER SET = utf8mb4 COLLATE = utf8mb4_unicode_ci ROW_FORMAT = Dynamic;

-- ----------------------------
-- Records of higher_page
-- ----------------------------
INSERT INTO `higher_page` VALUES (1, '', 'membership?BCS%20Certificate%20in%20IT##Apply for Membership', 'https://www.bcs.org/media/3773/heq-cert-is-syllabus.pdf##Information systems syllabus,https://www.bcs.org/media/6130/heq-cert-sd-syllabus-1.pdf##\nSoftware development syllabus,\nhttps://www.bcs.org/media/7784/heq-cert-cnt-syllabus.pdf##Computer and network technology syllabus', '', 56, '2022-02-16 10:35:01', '2022-02-16 10:35:01', NULL, NULL, NULL, NULL, NULL, 5, '');
INSERT INTO `higher_page` VALUES (6, '', '', '', '', 56, '2022-02-16 10:35:01', '2022-02-16 10:35:01', NULL, NULL, NULL, NULL, NULL, 1, '/sendemail##Join now');
INSERT INTO `higher_page` VALUES (56, 'membership?BCS%20Certificate%20in%20IT##Apply for Membership', 'membership?BCS%20Certificate%20in%20IT##Apply for Membership', '', '', 57, '2022-02-16 10:35:01', '2022-02-16 10:35:01', 'What will I learn?', 'A core module and three selected modules allowing you to tailor your learning.', 'Core modules: ', 'https://www.bcs.org/media/1152/heq-dip-pisp-syllabus.pdf##Professional issues in IS practice syllabus,https://www.bcs.org/media/5846/heq-big-data-management-syllabus.pdf##Big data management syllabus,https://www.bcs.org/media/3752/heq-dip-cn-syllabus.pdf##Computer networks syllabus,https://www.bcs.org/media/1150/heq-dip-ds-syllabus.pdf##Database systems syllabus,https://www.bcs.org/media/7761/heq-dip-pm-syllabus.pdf##IT project management syllabus\n', 'https://www.bcs.org/media/6131/heq-dip-oop-syllabus-1.pdf##Object oriented programming systems syllabus,https://www.bcs.org/media/1153/heq-dip-pit-syllabus.pdf##Principles of internet technologies syllabus,https://www.bcs.org/media/5847/heq-smart-systems-syllabus.pdf##Smart systems syllabus,https://www.bcs.org/media/6132/heq-dip-se-syllabus-1.pdf##Software engineering (part 1) syllabus,https://www.bcs.org/media/1156/heq-dip-sad-syllabus.pdf##Systems analysis and design syllabus,https://www.bcs.org/media/5848/heq-user-experience-syllabus.pdf##User experience syllabus,https://www.bcs.org/media/5849/heq-web-application-development-syllabus.pdf##Web application development syllabus', 2, '');
INSERT INTO `higher_page` VALUES (57, 'membership?BCS%20Certificate%20in%20IT##Apply for Membership', 'membership?BCS%20Certificate%20in%20IT##Apply for Membership', '', '', 58, '2022-02-16 10:35:01', '2022-02-16 10:35:01', 'What will I learn?', 'Four selected modules and a professional IT project.', 'Core modules: ', 'https://www.bcs.org/media/1160/heq-pgd-adms-syllabus.pdf##Advanced database management systems syllabus, https://www.bcs.org/media/1164/heq-pgd-mis-syllabus.pdf##Management information systems syllabus,https://www.bcs.org/media/1170/heq-pgd-se2-syllabus.pdf##Software engineering (part 2) syllabus,https://www.bcs.org/media/1161/heq-pgd-csm-syllabus.pdf##Computer services management syllabus,https://www.bcs.org/media/7762/heq-pgd-nis-syllabus.pdf##Network information systems syllabus,https://www.bcs.org/media/1166/heq-pgd-pp-syllabus.pdf##Programming paradigms syllabus,https://www.bcs.org/media/1169/heq-pgd-sdm-syllabus.pdf##System design methods syllabus,https://www.bcs.org/media/1171/heq-pgd-we-syllabus.pdf##Web engineering syllabus,https://www.bcs.org/media/7772/heq-pgd-ite-syllabus.pdf##IT and the environment syllabus', NULL, 3, '');

-- ----------------------------
-- Table structure for link_details
-- ----------------------------
DROP TABLE IF EXISTS `link_details`;
CREATE TABLE `link_details`  (
  `id` bigint UNSIGNED NOT NULL AUTO_INCREMENT,
  `main_h` varchar(255) CHARACTER SET utf8mb4 COLLATE utf8mb4_unicode_ci NOT NULL,
  `p1` longtext CHARACTER SET utf8mb4 COLLATE utf8mb4_unicode_ci NULL,
  `a1` longtext CHARACTER SET utf8mb4 COLLATE utf8mb4_unicode_ci NOT NULL,
  `p2` longtext CHARACTER SET utf8mb4 COLLATE utf8mb4_unicode_ci NOT NULL,
  `a2` longtext CHARACTER SET utf8mb4 COLLATE utf8mb4_unicode_ci NOT NULL,
  `p3` longtext CHARACTER SET utf8mb4 COLLATE utf8mb4_unicode_ci NOT NULL,
  `a3` longtext CHARACTER SET utf8mb4 COLLATE utf8mb4_unicode_ci NOT NULL,
  `created_at` timestamp NULL DEFAULT NULL,
  `updated_at` timestamp NULL DEFAULT NULL,
  `page_details_id` bigint UNSIGNED NOT NULL,
  PRIMARY KEY (`id`) USING BTREE,
  INDEX `page_details_id`(`page_details_id` ASC) USING BTREE,
  CONSTRAINT `link_details_ibfk_1` FOREIGN KEY (`page_details_id`) REFERENCES `page_certificate_details` (`id`) ON DELETE RESTRICT ON UPDATE RESTRICT
) ENGINE = InnoDB AUTO_INCREMENT = 30 CHARACTER SET = utf8mb4 COLLATE = utf8mb4_unicode_ci ROW_FORMAT = Dynamic;

-- ----------------------------
-- Records of link_details
-- ----------------------------
INSERT INTO `link_details` VALUES (1, 'Professional Business Analysis certificates by skills specialism:', 'Analytical skills - One Required', 'pagelist?Professional%20Certificate%20in%20Business%20Architecture##Business Architecture,pagelist?Professional%20Certificate%20in%20Advanced%20Requirements%20Engineering##Advanced Requirements Engineering,pagelist?Professional%20Certificate%20in%20Data%20Analysis##Data Analysis,pagelist?Professional%20Certificate%20in%20Agile%20Business%20Analysis##Agile Business Analysis\n', 'Business skills - One Required', 'pagelist?Professional%20Certificate%20in%20Business%20Finance## Business Finance,pagelist?Professional%20Certificate%20in%20Benefits%20Planning%20Realisation## Benefits Planning Realisation', 'People skills - One Required', 'pagelist?Professional%20Certificate%20in%20Stakeholder%20Engagement## Stakeholders Engagement,pagelist?Professional%20Certificate%20in%20Team%20Leadership## Team Leaderships', '2022-02-07 12:15:53', '2022-02-07 12:15:53', 49);
INSERT INTO `link_details` VALUES (29, 'What modules do I need?', 'Core modules - you must pass both of these', 'pagelist?Practitioner%20Certificate%20in%20Business%20Analysis%20Practice##Business Analysis Practice,pagelist?Foundation%20Certificate%20in%20Requirements%20Engineering##Requirements Engineering', 'Knowledge modules - you must pass one of these', 'pagelist?Foundation%20Certificate%20in%20Business%20Analysis##Business Analysis Foundation, pagelist?Foundation%20Certificate%20in%20Business%20Change##Business Change, pagelist?BCS%20Foundation%20Certificate%20in%20IS%20Project%20Management##IS Project Management, pagelist?Foundation%20Certificate%20in%20Organisation%20Behaviour##Organisation Behaviour\n', 'Practitioner modules - you must pass both of these', 'pagelist?Practitioner%20Certificate%20in%20Modelling%20Business%20Processes##Modelling Business Processes,pagelist?Practitioner%20Certificate%20in%20Data%20Management%20Essentials##Data Management Essentials,pagelist?BCS%20Practitioner%20Certificate%20in%20Systems%20Modelling%20Techniques##Systems Modelling Techniques,pagelist?BCS%20Practitioner%20Certificate%20in%20Systems%20Development%20Essentials##Systems Development Essentials, pagelist?Practitioner%20Certificate%20in%20Benefits%20Management%20and%20Business%20Acceptance##Benefits Management and Business Acceptance', '2022-02-07 12:15:53', '2022-02-07 12:15:53', 53);

-- ----------------------------
-- Table structure for migrations
-- ----------------------------
DROP TABLE IF EXISTS `migrations`;
CREATE TABLE `migrations`  (
  `id` int UNSIGNED NOT NULL AUTO_INCREMENT,
  `migration` varchar(255) CHARACTER SET utf8mb4 COLLATE utf8mb4_unicode_ci NOT NULL,
  `batch` int NOT NULL,
  PRIMARY KEY (`id`) USING BTREE
) ENGINE = InnoDB AUTO_INCREMENT = 10 CHARACTER SET = utf8mb4 COLLATE = utf8mb4_unicode_ci ROW_FORMAT = Dynamic;

-- ----------------------------
-- Records of migrations
-- ----------------------------
INSERT INTO `migrations` VALUES (1, '2014_10_12_000000_create_users_table', 1);
INSERT INTO `migrations` VALUES (2, '2014_10_12_100000_create_password_resets_table', 1);
INSERT INTO `migrations` VALUES (3, '2019_08_19_000000_create_failed_jobs_table', 1);
INSERT INTO `migrations` VALUES (4, '2021_12_22_141639_create_certificates_table', 1);
INSERT INTO `migrations` VALUES (5, '2021_12_23_055322_create_certificate_details_table', 1);
INSERT INTO `migrations` VALUES (6, '2021_12_23_095100_create_certificate_details_accordians_table', 1);
INSERT INTO `migrations` VALUES (7, '2022_01_20_134327_page_certificates_table', 1);
INSERT INTO `migrations` VALUES (8, '2022_01_20_134148_page_certificate_details_table', 2);
INSERT INTO `migrations` VALUES (9, '2022_02_02_121545_page_details_accordians_table', 3);

-- ----------------------------
-- Table structure for page_certificate_details
-- ----------------------------
DROP TABLE IF EXISTS `page_certificate_details`;
CREATE TABLE `page_certificate_details`  (
  `id` bigint UNSIGNED NOT NULL AUTO_INCREMENT,
  `h1` longtext CHARACTER SET utf8mb4 COLLATE utf8mb4_unicode_ci NULL,
  `p1` longtext CHARACTER SET utf8mb4 COLLATE utf8mb4_unicode_ci NULL,
  `p2` longtext CHARACTER SET utf8mb4 COLLATE utf8mb4_unicode_ci NULL,
  `first_li` longtext CHARACTER SET utf8mb4 COLLATE utf8mb4_unicode_ci NULL,
  `wh` longtext CHARACTER SET utf8mb4 COLLATE utf8mb4_unicode_ci NULL,
  `wp` longtext CHARACTER SET utf8mb4 COLLATE utf8mb4_unicode_ci NULL,
  `li1` longtext CHARACTER SET utf8mb4 COLLATE utf8mb4_unicode_ci NULL,
  `eh` longtext CHARACTER SET utf8mb4 COLLATE utf8mb4_unicode_ci NULL,
  `ep` longtext CHARACTER SET utf8mb4 COLLATE utf8mb4_unicode_ci NULL,
  `li2` longtext CHARACTER SET utf8mb4 COLLATE utf8mb4_unicode_ci NULL,
  `lh` longtext CHARACTER SET utf8mb4 COLLATE utf8mb4_unicode_ci NULL,
  `lp` longtext CHARACTER SET utf8mb4 COLLATE utf8mb4_unicode_ci NULL,
  `li3` longtext CHARACTER SET utf8mb4 COLLATE utf8mb4_unicode_ci NULL,
  `rh` longtext CHARACTER SET utf8mb4 COLLATE utf8mb4_unicode_ci NULL,
  `rp` longtext CHARACTER SET utf8mb4 COLLATE utf8mb4_unicode_ci NULL,
  `li4` longtext CHARACTER SET utf8mb4 COLLATE utf8mb4_unicode_ci NULL,
  `bh` longtext CHARACTER SET utf8mb4 COLLATE utf8mb4_unicode_ci NULL,
  `l_bh1` longtext CHARACTER SET utf8mb4 COLLATE utf8mb4_unicode_ci NULL,
  `l_bp1` longtext CHARACTER SET utf8mb4 COLLATE utf8mb4_unicode_ci NULL,
  `l_bh2` longtext CHARACTER SET utf8mb4 COLLATE utf8mb4_unicode_ci NULL,
  `l_bp2` longtext CHARACTER SET utf8mb4 COLLATE utf8mb4_unicode_ci NULL,
  `l_bh3` longtext CHARACTER SET utf8mb4 COLLATE utf8mb4_unicode_ci NULL,
  `l_bp3` longtext CHARACTER SET utf8mb4 COLLATE utf8mb4_unicode_ci NULL,
  `l_bh4` longtext CHARACTER SET utf8mb4 COLLATE utf8mb4_unicode_ci NULL,
  `l_bp4` longtext CHARACTER SET utf8mb4 COLLATE utf8mb4_unicode_ci NULL,
  `r_bh1` longtext CHARACTER SET utf8mb4 COLLATE utf8mb4_unicode_ci NULL,
  `r_bp1` longtext CHARACTER SET utf8mb4 COLLATE utf8mb4_unicode_ci NULL,
  `r_bh2` longtext CHARACTER SET utf8mb4 COLLATE utf8mb4_unicode_ci NULL,
  `r_bp2` longtext CHARACTER SET utf8mb4 COLLATE utf8mb4_unicode_ci NULL,
  `r_bh3` longtext CHARACTER SET utf8mb4 COLLATE utf8mb4_unicode_ci NULL,
  `r_bp3` longtext CHARACTER SET utf8mb4 COLLATE utf8mb4_unicode_ci NULL,
  `r_bh4` longtext CHARACTER SET utf8mb4 COLLATE utf8mb4_unicode_ci NULL,
  `r_bp4` longtext CHARACTER SET utf8mb4 COLLATE utf8mb4_unicode_ci NULL,
  `last_h` longtext CHARACTER SET utf8mb4 COLLATE utf8mb4_unicode_ci NULL,
  `last_li` longtext CHARACTER SET utf8mb4 COLLATE utf8mb4_unicode_ci NULL,
  `certificate_id` bigint UNSIGNED NOT NULL,
  `created_at` timestamp NULL DEFAULT NULL,
  `updated_at` timestamp NULL DEFAULT NULL,
  `i1` varchar(255) CHARACTER SET utf8mb4 COLLATE utf8mb4_unicode_ci NULL DEFAULT NULL,
  PRIMARY KEY (`id`) USING BTREE,
  INDEX `page_certificate_details_certificate_id_foreign`(`certificate_id` ASC) USING BTREE,
  CONSTRAINT `page_certificate_details_certificate_id_foreign` FOREIGN KEY (`certificate_id`) REFERENCES `page_certificates` (`id`) ON DELETE RESTRICT ON UPDATE RESTRICT
) ENGINE = InnoDB AUTO_INCREMENT = 59 CHARACTER SET = utf8mb4 COLLATE = utf8mb4_unicode_ci ROW_FORMAT = Dynamic;

-- ----------------------------
-- Records of page_certificate_details
-- ----------------------------
INSERT INTO `page_certificate_details` VALUES (2, 'BCS Foundation Certificate in Agile', 'Gain a solid understanding of the concepts and values of Agile by challenging conventional methods and thinking.', 'This Agile certificate will answer the questions: What is Agile? What is Agile working? And how can I embed Agile into my organisation? This certification will equip candidates with knowledge that can be applied in a variety of situations and promotes effective working within any Agile team.', NULL, 'Who is it for?', NULL, 'Business and IT professionals who are interested in Agile practices and the Agile methodology, Anyone requiring an understanding of Agile as well as organisational leaders and managers wanting to understand the value of Agile practices,Those who work in an Agile environment including software testers/developers/product owners/business analysts and Scrum masters', 'Entry Requirements', NULL, 'There are no entry requirements for this certification., Training with a BCS accredited training provider is recommended.', 'What will I learn?', 'You’ll gain a broad understanding of agile including:', 'Why Agile? The factors that drive Agile adoption,The Agile Manifesto in detail,The Agile mindset,Roles in Agile teams,Common Agile practices,The practical applications of Agile', 'Useful Resources', 'Visit the BCS Bookshop to find Agile books and resources.\n\nHave a read of these Agile blogs:', 'Improve business processes with agile,Agile on a large scale', 'How do I get this certification?', 'Take the complete training programme (recommended)', 'Take this course with one of our accredited training providers.', 'How long will it take?', 'Classroom courses normally last three days.', 'Where can I study?', 'At a BCS accredited training provider near you.', 'How much does it cost?', 'Prices for courses vary depending on your chosen training provider and course format.', 'Exam only (self study)', 'Ideal if you’re self-motivated and already know something about Agile.', 'How long will it take?', 'It usually takes a minimum of 18 hours to prepare for the exam.', 'Where can I take the exam?', 'At any Pearson VUE test centre across the world.', 'How much does it cost?', 'Exam price: £155 + VAT - though prices may vary depending on training provider.', ' What format is the exam?', 'One hour ‘closed book’ with 40 multiple choice questions, Pass mark is 65% (26/40)', 2, '2022-01-21 10:46:49', '2022-01-21 10:46:49', '/storage/1.png');
INSERT INTO `page_certificate_details` VALUES (3, 'BCS EXIN Foundation Certificate in Agile Scrum', 'Gain a unique certification that combines Agile service management techniques and Scrum development frameworks.', 'A unique learning pathway designed to support a holistic approach to effectively embed Agile practices across an organisation. This Agile certificate provides the widest curriculum from Agile and Lean, and offers the knowledge, tools and capability for people to better manage change and deliver products and services.', NULL, 'Who is it for?', NULL, 'Project managers / software developers / product managers / IT service managers and business managers who are interested in Agile practices,Anyone requiring an understanding of Agile Scrum as well as organisational leaders and managers wanting to understand the value of Agile Scrum practices or those who work in an Agile environment.', ' Entry Requirements', NULL, 'There are no entry requirements for this certification. Training with a BCS accredited training provider is recommended.', ' What will I learn?', 'You’ll gain a broad understanding of:', 'The Agile Mway of thinking,Scrum practices,Scrum planning and estimation\n,Monitoring Scrum projects,Advanced Scrum projects', ' Useful Resources', 'Visit the BCS Bookshop to find Agile books and resources.               Have a read of these Agile blogs:', 'Improve business processes with agile,Agile on a large scale', 'How do I get this certification?', 'Take the complete training programme (recommended)', 'Take this course with one of our accredited training providers.', 'How long will it take?', 'Classroom courses normally last three days', 'Where can I study?', 'At a BCS accredited training provider near you.', 'How much does it cost?', 'Prices for courses vary depending on your chosen training provider and course format.\n\n', 'Exam only (self study)', 'Ideal if you’re self-motivated and already know something about Agile.', 'How long will it take?', 'It usually takes a minimum of 18 hours to prepare for the exam.', 'Where can I take the exam?', 'At any Pearson VUE test centre across the world.', 'How much does it cost?', 'Exam price: £155 + VAT - though prices may vary depending on training provider.', ' What format is the exam?', 'One hour ‘closed book’ with 40 multiple choice questions,Pass mark is 65% (26/40)', 3, '2022-01-21 11:51:23', '2022-01-21 11:51:23', '/storage/1.png');
INSERT INTO `page_certificate_details` VALUES (4, 'BCS EXIN Practitioner Certificate in Agile Scrum Master', 'Learn all you need to successfully adopt and facilitate Agile or Scrum in your workplace with this practitioner certificate.', 'The Agile Scrum pathway is designed to support a holistic approach to effectively embed agile practices across an organisation. It provides the knowledge, tools and capability for people to better manage change and deliver products and services.', NULL, 'Who is it for?', NULL, 'Agile Scrum Master / Agile Product Owner / Internal Coach / Development Leadership (VP / Director / Manager) / Project Programme Manager / Development Team Member (Architect Developer QA Tester UI or UX Designer) And those who are actively engaged in Agile Scrum environments.', 'Entry Requirements', NULL, 'Completion of the BCS EXIN Foundation Certificate in Agile Scrum is strongly recommended, Attendance at an accredited BCS EXIN Agile Scrum Master training course is mandatory.', 'What will I learn?', NULL, 'The Agile Mway of thinking,The Scrum Master role,Agile estimating / planning / monitoring and control,Complex projects,Adopting Agile', 'Useful Resources', 'Visit the BCS Bookshop to find Agile books and resources.\n\nHave a read of these Agile blogs:', 'Improve business processes with agile,Agile on a large scale,The financial management of Agile projects', 'How do I get this certification?', 'Take the complete training programme (recommended)', 'You can take a bundled programme of courses with one of our approved training providers. You’ll find them across the UK and around the world.', 'How long will it take?', 'Classroom courses normally last three days.', 'Where can I study?', 'At a BCS accredited training provider near you.\n\n', 'How much does it cost?', 'Prices for courses vary depending on your chosen training provider and course format.', NULL, NULL, NULL, NULL, NULL, NULL, NULL, NULL, 'What format is the exam?', '90 minute ‘closed book’  Pass mark is 65% (26/40)exam with 40 multiple choice questions', 4, '2022-01-21 12:04:47', '2022-01-21 12:04:47', '/storage/1.png');
INSERT INTO `page_certificate_details` VALUES (5, 'BCS EXIN Practitioner Certificate in Agile Scrum Product Owner', 'Gain a certificate that provides product owners with knowledge and skills of the Agile framework and Scrum methodology - ensuring you can deliver maximum value for the customer and value for your business.', 'The product owner role focuses on bringing value for the customer and value for the business, through project management techniques.', NULL, 'Who is it for?', NULL, 'Agile product owners / product managers / internal coach / project / programme manager / development team member / architect / developer / QA tester / UI or UX designer operating in an Agile Scrum environment.', 'Entry Requirements', NULL, 'Candidates are required to complete the BCS EXIN Foundation Certificate in Agile Scrum, Attendance at an accredited BCS EXIN Agile Scrum Product Owner training course is mandatory.', 'What will I learn?', 'You will gain a broad understanding of:', 'The Agile Mway of thinking, The Product Owner role, Managing the product backlog, Complex projects, Adding value to projects and programmes', ' Useful Resources', 'Visit the BCS Bookshop to find Agile books and resources.\n\nHave a read of these Agile blogs:', 'Improve business processes with agile, Agile on a large scale, The financial management of Agile projects', 'How do I get this certification?', 'Take the complete training programme (recommended)', 'Take this course with one of our accredited training providers.', 'How long will it take?', 'Classroom courses normally last three days.', 'Where can I study?', 'At a BCS accredited training provider near you.', 'How much does it cost?', 'Prices for courses vary depending on your chosen training provider and course format.\n\n', NULL, NULL, NULL, NULL, NULL, NULL, NULL, NULL, ' What format is the exam?', '90 minute ‘closed book’ exam with 40 multiple choice questions, Pass mark is 65% (26/40)', 5, '2022-01-21 12:15:57', '2022-01-21 12:15:57', '/storage/1.png');
INSERT INTO `page_certificate_details` VALUES (6, 'BCS EXIN Practitioner Certificate in Agile Scrum Product Owner (Bridge)', 'Transition from a certified Scrum Master to an Agile Product Owner with this tailored ‘bridging course’ designed to confirm skills and knowledge of the Agile framework and Scrum methodology, specifically with the Product Owner role in mind.', NULL, NULL, 'Who is it for?', NULL, 'Project managers / software developers / product managers / IT service managers and business managers who already hold the BCS EXIN Agile Scrum Master certificate and would like to transition to become an Agile Product Owner.', 'Entry Requirements', NULL, 'Candidates are required to already hold the BCS EXIN Agile Scrum Master Certificate or Advanced Certified ScrumMaster™ (A-CSM).', 'What will I learn?', 'You will be able to demonstrate the ability to analyse, understand and explain Agile concepts in the following areas:', 'The Agile Mway of thinking, The Product Owner role, Managing the product backlog, Complex projects, Adding value to projects and programmes', ' Useful Resources', 'Visit the BCS Bookshop to find Agile books and resources.\n\nHave a read of these Agile blogs:', 'Improve business processes with agile, Agile on a large scale, The financial management of Agile projects', 'How do I get this certification?', 'Take the complete training programme (recommended)', 'Take this course with one of our accredited training providers.', 'How long will it take?', 'Classroom courses normally last three days.', 'Where can I study?', 'At a BCS accredited training provider near you.', 'How much does it cost?', 'Prices for courses vary depending on your chosen training provider and course format.\n\n', NULL, NULL, NULL, NULL, NULL, NULL, NULL, NULL, 'What format is the exam?', '90 minute ‘closed book’ exam with 40 multiple choice questions, Pass mark is 65% (26/40)', 6, '2022-01-21 13:23:14', '2022-01-21 13:23:14', '/storage/1.png');
INSERT INTO `page_certificate_details` VALUES (7, 'BCS Essentials Certificate in Artificial Intelligence', 'Take your first steps in AI training to understand the principles of AI, its benefits and risks, and the processes behind machine learning.', NULL, NULL, 'Who is it for?', NULL, 'Individuals with an interest in (or a need to implement) AI in an organisation / especially those working in areas such as science/ engineering / knowledge engineering / finance or IT services, Middle and senior managers running or assembling teams to create AI dependent applications and services that need to understand the context of AI in an industrial setting.', 'Entry Requirements', '', 'There are no entry requirements for this certification. Training with a BCS accredited training provider is highly recommended.', 'What will I learn?\n', 'Develop your knowledge and understanding of:', 'the terminology and general principles, including benefits and types of AI, the basic process of machine learning (ML), the challenges and risks associated with an AI project, the future of AI and humans in work', NULL, NULL, NULL, 'How do I get this certification?', 'Take the complete training programme (recommended)', 'Take this course with one of our accredited training providers.', 'How long will it take?', 'Classroom courses normally last three days.', 'Where can I study?', 'At a BCS accredited training provider near you.', 'How much does it cost?', 'Prices for courses vary depending on your chosen training provider and course format.\n\n', 'Exam only (self study)', 'Ideal if you’re self-motivated and already know something about Agile.', 'How long will it take?', 'It usually takes a minimum of 18 hours to prepare for the exam.', 'Where can I take the exam?', 'At any Pearson VUE test centre across the world.', 'How much does it cost?', 'Exam price: £155 + VAT - though prices may vary depending on training provider.', ' What format is the exam?', '30 minute ‘closed book’ with 20 multiple choice questions, \nPass mark is 65% (13/20)', 7, '2022-01-21 13:55:21', '2022-01-21 13:55:21', '/storage/1.png');
INSERT INTO `page_certificate_details` VALUES (8, 'BCS Foundation Certificate in Artificial Intelligence', 'Take your first step on your business analysis career path by attaining a certification that employers around the world respect and value\nUnderstand how to identify and evaluate options for improving your business', NULL, NULL, 'Who is it for?', NULL, 'Engineers / scientists / organisational change practitioners / service architects / program and planning managers / web developers /  chief technical officers / service provider portfolio strategists / leads / business strategists and consultants, Anyone with an interest in (or need to implement) artificial intelligence in an organisation especially those working in areas such as science/ engineering / knowledge engineering / finance/ education or IT services.', 'Entry Requirements', NULL, 'There are no entry requirements for this certification. Training with a BCS accredited training provider is recommended.', 'What will I learn?', 'You will gain a broad understanding of:', 'Ethical and sustainable human and artificial intelligence,\nArtificial Intelligence and robotics,\nApplying the benefits of AI - challenges and risks,\nStarting AI: how to build a Machine Learning toolbox - theory and practice,\nThe management role and responsiblities of humans and machines', NULL, NULL, NULL, 'How do I get this certification?', 'Take the complete training programme (recommended)', 'Take this course with one of our accredited training providers.', 'How long will it take?', 'Classroom courses normally last three days.', 'Where can I study?', 'At a BCS accredited training provider near you.', 'How much does it cost?', 'Prices for courses vary depending on your chosen training provider and course format.\n\n', 'Exam only (self study)', 'Ideal if you’re self-motivated and already know something about Agile.', 'How long will it take?', 'It usually takes a minimum of 18 hours to prepare for the exam.', 'Where can I take the exam?', 'At any Pearson VUE test centre across the world.', 'How much does it cost?', 'Exam price: £155 + VAT - though prices may vary depending on training provider.', ' What format is the exam?', 'One hour ‘closed book’ exam with 40 multiple choice questions, Pass mark is 65% (26/40)', 8, '2022-01-21 14:05:26', '2022-01-21 14:05:26', '/storage/1.png');
INSERT INTO `page_certificate_details` VALUES (11, 'Foundation Certificate in Business Analysis', NULL, '', 'Take your first step on your business analysis career path by attaining a certification that employers around the world respect and value, Understand how to identify and evaluate options for improving your business, Develop skills and knowledge to support successful business change programmes within your organisation, Attain one of the four modules you need to gain the International Diploma in Business Analysis\n\n', 'Who is it for?', NULL, 'The Foundation Certificate is designed for people who want to understand business analysis support change and improve business processes,\nSuitable for business analysts business managers and members of their team business change managers and project managers', ' Entry Requirements', NULL, 'There are no entry requirements for this certification.', ' What will I learn?', 'You’ll gain a broad understanding of business analysis, including:', 'The role and competencies of a Business Analyst,\nHow to identify and evaluate options for improving your business,\nInvestigative techniques including interviews/ workshops/prototyping and scenarios,\nHow to categorise analyse and manage stakeholders,\nMaking a business case and assessing feasibility,\nHow to document manage and validate requirements', NULL, NULL, NULL, 'How do I get this certification?', 'Take the complete training programme (recommended)', 'You can take a bundled programme of courses with one of our approved training providers. You’ll find them across the UK and around the world.', 'How long will it take?', 'Classroom courses normally last three days.', 'Where can I study?', 'At an approved provider near you and\nat your computer via e-learning or web conference learning', 'How much does it cost?', 'Prices for courses vary depending on your chosen training provider and course format.', 'Exam only (self study)', 'Ideal if you’re self-motivated and already know something about Business Analysis.', 'How long will it take?', 'It usually takes a minimum of 27 hours to prepare for the exam.', 'Where can I take the exam?', 'At any Pearson VUE test centre across the world.', 'How much does it cost?', 'Exam price: £192(£160 + VAT)', 'What format is the exam?', 'One hour ‘closed book’ with 40 multiple choice questions,\nPass mark is 65% (26/40)', 9, '2022-01-24 11:20:10', '2022-01-24 11:20:10', '/storage/btb.png');
INSERT INTO `page_certificate_details` VALUES (12, 'Foundation Certificate in Business Change', NULL, NULL, 'Gain an entry-level qualification by understanding the processes and techniques used in delivering business change, Develop skills and knowledge to support successful business change programmes within your organisation, Understand how to design business changes effectively including the organisational people information technology and process aspects, Attain one of the four modules you need to gain the International Diploma in Business Analysis', 'Who is it for?', NULL, 'The Foundation certificate is for people who want to gain a deep understanding of the many processes/framework and techniques needed to implement successful business change,\nSuitable for business analysts, business managers and members of their team business change managers and project managers', ' Entry Requirements', NULL, 'There are no entry requirements for this certification.', 'What will I learn?', 'You’ll gain a broad understanding of business change, including:', 'An appreciation of the principles processes roles and approaches involved in business change,\nHow to use information technology to enable business change and as a driver for business change,\nHow to align the organisation with external and internal influences,\nHow to implement business change effectively', NULL, NULL, NULL, 'How do I get this certification?', 'Take the complete training programme (recommended)', 'You can take a bundled programme of courses with one of our approved training providers. You’ll find them across the UK and around the world.', 'How long will it take?', 'Classroom courses normally last three days.\n\n', 'Where can I study?', 'At an approved provider near you and\nat your computer via e-learning or web conference learning', 'How much does it cost?', 'Prices for courses vary depending on your chosen training provider and course format.', 'Exam only (self study)', 'Ideal if you’re self-motivated and already know something about Business Analysis.', 'How long will it take?', 'It usually takes a minimum of 27 hours to prepare for the exam.', 'Where can I take the exam?', 'At any Pearson VUE test centre across the world.', 'How much does it cost?', 'Exam price: £192(£160 + VAT)', NULL, NULL, 10, '2022-01-24 11:30:17', '2022-01-24 11:30:17', '/storage/btb.png');
INSERT INTO `page_certificate_details` VALUES (13, 'Foundation Certificate in Organisation Behaviour', NULL, NULL, 'Underpin your understanding of business finance and organisational behaviour, Gain the commercial and organisational knowledge you need to deliver effective business analysis, Understand external and internal impacts for successful organisational evaluation, Attain one of the four modules you need to gain the International Diploma in Business Analysis\n\n', 'Who is it for?', NULL, 'The Foundation certificate is for people who want to gain a deep understanding of the many processes/framework and techniques needed to implement successful business change,\nSuitable for business analysts, business managers and members of their team business change managers and project managers', ' Entry Requirements', NULL, 'There are no entry requirements for this certification.', 'What will I learn?', 'You’ll gain a broad understanding of business change, including:', 'An appreciation of the principles processes roles and approaches involved in business change,\r\nHow to use information technology to enable business change and as a driver for business change,\r\nHow to align the organisation with external and internal influences,\r\nHow to implement business change effectively', NULL, NULL, NULL, 'How do I get this certification?', 'Take the complete training programme (recommended)', 'You can take a bundled programme of courses with one of our approved training providers. You’ll find them across the UK and around the world.', 'How long will it take?', 'Classroom courses normally last three days.\r\n\r\n', 'Where can I study?', 'At an approved provider near you and\r\nat your computer via e-learning or web conference learning', 'How much does it cost?', 'Prices for courses vary depending on your chosen training provider and course format.', 'Exam only (self study)', 'Ideal if you’re self-motivated and already know something about Business Analysis.', 'How long will it take?', 'It usually takes a minimum of 27 hours to prepare for the exam.', 'Where can I take the exam?', 'At any Pearson VUE test centre across the world.', 'How much does it cost?', 'Exam price: £192(£160 + VAT)', NULL, NULL, 11, '2022-01-24 11:30:17', '2022-01-24 11:30:17', '/storage/btb.png');
INSERT INTO `page_certificate_details` VALUES (15, 'Practitioner Certificate in Business Analysis Practice', NULL, NULL, 'Take your career to the next level by learning how to support successful business change, Explore a range of strategic analysis and performance management techniques, Apply business analysis techniques within a defined framework, Attain one of the four modules you need to gain the International Diploma in Business Analysis', 'Who is it for?', NULL, 'This Practitioner Certificate is designed for people who want to understand a range of business process modelling and analysis techniques know how they are used and identify when to use them,\nSuitable for business analysts business managers and members of their team business change managers and project managers', ' Entry Requirements', NULL, 'There are no entry requirements for this certification.', 'What will I learn?', 'You’ll gain a broad understanding of business change, including:', 'An appreciation of the principles processes roles and approaches involved in business change,\r\nHow to use information technology to enable business change and as a driver for business change,\r\nHow to align the organisation with external and internal influences,\r\nHow to implement business change effectively', NULL, NULL, NULL, 'How do I get this certification?', 'Take the complete training programme (recommended)', 'You can take a bundled programme of courses with one of our approved training providers. You’ll find them across the UK and around the world.', 'How long will it take?', 'Classroom courses normally last three days.\r\n\r\n', 'Where can I study?', 'At an approved provider near you and\r\nat your computer via e-learning or web conference learning', 'How much does it cost?', 'Prices for courses vary depending on your chosen training provider and course format.', 'Exam only (self study)', 'Ideal if you’re self-motivated and already know something about Business Analysis.', 'How long will it take?', 'It usually takes a minimum of 27 hours to prepare for the exam.', 'Where can I take the exam?', 'At any Pearson VUE test centre across the world.', 'How much does it cost?', 'Exam price: 2282(£190 + VAT)\r\n\r\nTextbook: Business Analysis 4th edition Please note: Please refer to your syllabus for the required reading relevant to that syllabus and exam.\r\n\r\n', NULL, NULL, 13, '2022-01-24 12:06:17', '2022-01-24 12:06:48', '/storage/btb.png');
INSERT INTO `page_certificate_details` VALUES (16, 'Practitioner Certificate in Benefits Management and Business Acceptance', NULL, NULL, 'Demonstrate how a rigorous approach to benefits management ensures successful software solutions delivery, Identify the benefit owners and key stakeholders within your environment, Recognise what good business acceptance testing looks like, Attain one of the four modules you need to gain the International Diploma in Business Analysis', 'Who is it for?', NULL, 'This Practitioner Certificate is designed for people who want to understand a range of business process modelling and analysis techniques know how they are used and identify when to use them,\r\nSuitable for business analysts business managers and members of their team business change managers and project managers', ' Entry Requirements', NULL, 'There are no entry requirements for this certification.', 'What will I learn?', 'You’ll gain a broad understanding of business change, including:', 'An appreciation of the principles processes roles and approaches involved in business change,\r\nHow to use information technology to enable business change and as a driver for business change,\r\nHow to align the organisation with external and internal influences,\r\nHow to implement business change effectively', NULL, NULL, NULL, 'How do I get this certification?', 'Take the complete training programme (recommended)', 'You can take a bundled programme of courses with one of our approved training providers. You’ll find them across the UK and around the world.', 'How long will it take?', 'Classroom courses normally last three days.\r\n\r\n', 'Where can I study?', 'At an approved provider near you and\r\nat your computer via e-learning or web conference learning', 'How much does it cost?', 'Prices for courses vary depending on your chosen training provider and course format.', NULL, NULL, NULL, NULL, NULL, NULL, NULL, NULL, NULL, NULL, 14, '2022-01-24 12:06:17', '2022-01-24 12:06:48', '/storage/btb.png');
INSERT INTO `page_certificate_details` VALUES (19, 'Practitioner Certificate in Modelling Business Processes', NULL, NULL, 'Demonstrate you can apply practical business analysis techniques that can help to improve your business processes, Look at ways to investigate and analyse the ways your organisation carries out its operations, Understand and know how to apply different process modelling techniques including both the organisational view and more detailed models, Attain one of the four modules you need to gain the International Diploma in Business Analysis', 'Who is it for?', NULL, 'This Practitioner Certificate is designed for people who want to understand a range of business process modelling and analysis techniques know how they are used and identify when to use them,\r\nSuitable for business analysts business managers and members of their team business change managers and project managers', ' Entry Requirements', NULL, 'There are no entry requirements for this certification.', 'What will I learn?', 'You’ll gain a broad understanding of business change, including:', 'An appreciation of the principles processes roles and approaches involved in business change,\r\nHow to use information technology to enable business change and as a driver for business change,\r\nHow to align the organisation with external and internal influences,\r\nHow to implement business change effectively', NULL, NULL, NULL, 'How do I get this certification?', 'Take the complete training programme (recommended)', 'You can take a bundled programme of courses with one of our approved training providers. You’ll find them across the UK and around the world.', 'How long will it take?', 'Classroom courses normally last three days.\r\n\r\n', 'Where can I study?', 'At an approved provider near you and\r\nat your computer via e-learning or web conference learning', 'How much does it cost?', 'Prices for courses vary depending on your chosen training provider and course format.', 'Exam only (self study)', 'Ideal if you’re self-motivated and already know something about Business Analysis.', 'How long will it take?', 'It usually takes a minimum of 27 hours to prepare for the exam.', 'Where can I take the exam?', 'At any Pearson VUE test centre across the world.', 'How much does it cost?', 'Exam price: £228(£190 + VAT)', NULL, NULL, 17, '2022-01-24 12:36:17', '2022-01-24 12:36:48', '/storage/btb.png');
INSERT INTO `page_certificate_details` VALUES (21, 'Practitioner Certificate in Data Management Essentials', NULL, NULL, 'Demonstrate how to implement good practice in data management, Understand how to develop procedures for managing corporate date, Know how to work within the data management team and the roles and responsibilities within data management, Attain one of the four modules you need to gain the International Diploma in Business Analysis', 'Who is it for?', NULL, 'This Practitioner Certificate is designed for people who want to understand a range of business process modelling and analysis techniques know how they are used and identify when to use them,\r\nSuitable for business analysts business managers and members of their team business change managers and project managers', ' Entry Requirements', NULL, 'There are no entry requirements for this certification.', 'What will I learn?', 'You’ll gain a broad understanding of business change, including:', 'An appreciation of the principles processes roles and approaches involved in business change,\r\nHow to use information technology to enable business change and as a driver for business change,\r\nHow to align the organisation with external and internal influences,\r\nHow to implement business change effectively', NULL, NULL, NULL, 'How do I get this certification?', 'Take the complete training programme (recommended)', 'You can take a bundled programme of courses with one of our approved training providers. You’ll find them across the UK and around the world.', 'How long will it take?', 'Classroom courses normally last three days.\r\n\r\n', 'Where can I study?', 'At an approved provider near you and\r\nat your computer via e-learning or web conference learning', 'How much does it cost?', 'Prices for courses vary depending on your chosen training provider and course format.', 'Exam only (self study)', 'Ideal if you’re self-motivated and already know something about Business Analysis.', 'How long will it take?', 'It usually takes a minimum of 27 hours to prepare for the exam.', 'Where can I take the exam?', 'At any Pearson VUE test centre across the world.', 'How much does it cost?', 'Exam price: £228(£190 + VAT)', ' What format is the exam?', 'One hour ‘open book’ written exam, preceded by 15 minutes\' reading time,\r\nBased on a business scenario,\r\nPass mark is 50%', 18, '2022-01-24 12:36:17', '2022-01-24 12:36:48', '/storage/btb.png');
INSERT INTO `page_certificate_details` VALUES (22, 'Foundation Certificate in Requirements Engineering', NULL, NULL, 'Learn how to take a best practice approach to defining business requirements,\nDevelop a set of practices and processes to identify requirements in order to develop and design business solutions,\nTechniques to engage with stakeholders and draw out information to define requirements,\nAttain one of the four modules you need to gain the International Diploma in Business Analysis', 'Who is it for?', NULL, 'This Practitioner Certificate is designed for people who want to understand a range of business process modelling and analysis techniques know how they are used and identify when to use them,\r\nSuitable for business analysts business managers and members of their team business change managers and project managers', ' Entry Requirements', NULL, 'There are no entry requirements for this certification.', 'What will I learn?', 'This certificate was updated (July 2021) as a part of our aim to continuously improve the quality of learning within our professional certifications. This update allows BCS to remain at the forefront of best practice industry standards for professional certifications. In the updated BCS Practitioner Certificate in Requirements Engineering you’ll learn how to take a systematic approach to eliciting, defining, analysing, validating, documenting and managing requirements.\r\nThis certificate includes:', 'The Requirements Engineering Framework,\r\nHow to elicit requirements and techniques to use,\r\nHow to collaborate and communicate with stakeholders in the requirements process,\r\nHow to write a user story,\r\nBest practice approaches to document requirements,\r\nHow to manage requirements,\r\nValidating prioritisig and quality assurance in the requirements process,\r\nAnalysing and evaluation of requirements', NULL, NULL, NULL, 'How do I get this certification?', 'Take the complete training programme (recommended)', 'You can take a bundled programme of courses with one of our approved training providers. You’ll find them across the UK and around the world.', 'How long will it take?', 'Classroom courses normally last three days.\r\n\r\n', 'Where can I study?', 'At an approved provider near you and\r\nat your computer via e-learning or web conference learning', 'How much does it cost?', 'Prices for courses vary depending on your chosen training provider and course format.', 'Exam only (self study)', 'Ideal if you’re self-motivated and already know something about Business Analysis.', 'How long will it take?', 'It usually takes a minimum of 27 hours to prepare for the exam.', 'Where can I take the exam?', 'At any Pearson VUE test centre across the world.', 'How much does it cost?', 'Exam price: £228(£190 + VAT)\r\nTextbook: Business Analysis 4th edition Please note: Please refer to your syllabus for the required reading relevant to that syllabus and exam.', ' What format is the exam?', 'One hour ‘open book’ written exam, preceded by 15 minutes\' reading time,\r\nBased on a business scenario,\r\nPass mark is 50%', 19, '2022-01-24 12:36:17', '2022-01-24 12:36:48', '/storage/btb.png');
INSERT INTO `page_certificate_details` VALUES (23, 'Professional Certificate in Advanced Requirements Engineering', NULL, NULL, 'Gain a deeper understanding of the requirements engineering framework, Define different business roles and problem statements, Showcase your ability to understand enterprise governance, Progress towards the Advanced International Diploma in Business Analysis', 'Who is it for?', NULL, 'The professional certificate is designed for people who want to understand apply and realise business benefit processes in change projects, Suitable for business analysts business architects, project managers programme managers business managers and members of their team', ' Entry Requirements', '', 'There are no entry requirements for this certification,\nWe recommend that candidates have gained the BCS Practitioner Certificate in Requirements Engineering', 'What will I learn?', 'You will extend your knowledge of requirements engineering including:', 'How to apply the Business Model canvas to business scenarios,\r\nDelivering a requirements engineering plan,\r\nHow to evaluate a problem statement and explain the Outcome Frame,\r\nStakeholder engagement skills,\r\nHow to produce non-functional requirements', NULL, NULL, NULL, 'How do I get this certification?', 'Take the complete training programme (recommended)', 'You can take a bundled programme of courses with one of our approved training providers. You’ll find them across the UK and around the world.', 'How long will it take?', 'Classroom courses normally last three days.\r\n\r\n', 'Where can I study?', 'At an approved provider near you and\r\nat your computer via e-learning or web conference learning', 'How much does it cost?', 'Prices for courses vary depending on your chosen training provider and course format.', '', '', '', '', '', '', '', '', ' What format is the exam?', '90-minute ‘closed book’ with 40 multiple choice questions,\r\nPass mark is 65% (26/40)', 21, '2022-01-24 12:36:17', '2022-01-24 12:36:48', '/storage/btb.png');
INSERT INTO `page_certificate_details` VALUES (24, 'Professional Certificate in Agile Business Analysis', NULL, NULL, 'Gain a deeper understanding of the requirements engineering framework, Define different business roles and problem statements, Showcase your ability to understand enterprise governance, Progress towards the Advanced International Diploma in Business Analysis', 'Who is it for?', NULL, 'This professional certificate is designed for people who want to understand Agile ways of working and how they support the business analysis role,Suitable for business analysts \nbusiness architects business managers and members of their team and project managers', ' Entry Requirements', NULL, 'There are no entry requirements for this certification.', 'What will I learn?', 'You’ll gain a broad understanding of business analysis, including:', 'How to describe a range of agile methods (process-roles-principles),\nThe role of business analysis in an agile team,\nThe use of agile analysis-modelling and documentation techniques,\nHow to analyse business goals and their decomposition,\nHow to evaluate whether an agile method is appropriate for a given situation,\nUnderstanding how to apply user story techniques,\nHow to explain the techniques used to plan and manage an iteration', NULL, NULL, NULL, 'How do I get this certification?', 'Take the complete training programme (recommended)', 'You can take a bundled programme of courses with one of our approved training providers. You’ll find them across the UK and around the world.', 'How long will it take?', 'Classroom courses normally last three days.\r\n\r\n', 'Where can I study?', 'At an approved provider near you and\r\nat your computer via e-learning or web conference learning', 'How much does it cost?', 'Prices for courses vary depending on your chosen training provider and course format.', NULL, NULL, NULL, NULL, NULL, NULL, NULL, NULL, ' What format is the exam?', '90 minute \'closed book\' with 40 multiple choice questions. Please note: this exam has been updated to an online format. The new syllabus reflects a change in exam format only syllabus content has not changed.,\nPass mark is 65% (26/40)', 22, '2022-01-24 12:06:17', '2022-01-24 12:06:48', '/storage/btb.png');
INSERT INTO `page_certificate_details` VALUES (26, 'Professional Certificate in Benefits Planning Realisation', NULL, NULL, 'Demonstrate you can apply the process and techniques used to plan manage and realise business benefits, Employ skills and knowledge to support successful business change programmes within your organisation', 'Who is it for?', NULL, 'The professional certificate is designed for people who want to understand apply and realise business benefit processes in change projects, Suitable for business analysts business architects project managers programme managers business managers and members of their team', ' Entry Requirements', NULL, 'There are no entry requirements for this certification.', 'What will I learn?', 'You’ll gain a broad understanding of managing and applying benefits in projects, including how to:', 'Discover the context for benefits management,\r\nDefine and employ a benefits management process,\r\nIllustrate the organisational drivers and business benefits,\r\nBuild a business case and classify business benefits,\r\nUndertake an investment appraisal,\r\nShow the need for stakeholder and change management,\r\nExplain the tasks required in implementing this approach and predict future issues', NULL, NULL, NULL, 'How do I get this certification?', 'Take the complete training programme (recommended)', 'You can take a bundled programme of courses with one of our approved training providers. You’ll find them across the UK and around the world.', 'How long will it take?', 'Classroom courses normally last three days.\r\n\r\n', 'Where can I study?', 'At an approved provider near you and\r\nat your computer via e-learning or web conference learning', 'How much does it cost?', 'Prices for courses vary depending on your chosen training provider and course format.', 'Exam only (self study)', 'Ideal if you’re self-motivated and already know something about Business Analysis.', 'How long will it take?', 'It usually takes a minimum of 27 hours to prepare for the exam.', 'Where can I take the exam?', 'At any Pearson VUE test centre across the world.', 'How much does it cost?', 'Exam price: £342(£285 + VAT)', ' What format is the exam?', '90-minute ‘closed book’ with 40 multiple choice questions,\nPass mark is 65%', 23, '2022-01-24 12:36:17', '2022-01-24 12:36:48', '/storage/btb.png');
INSERT INTO `page_certificate_details` VALUES (27, 'Professional Certificate in Business Architecture', 'Apply frameworks philosophy, principles and techniques of business architecture, and be able to explain the importance of business architecture in a change context.      \nDescribe the use of business architecture in assessing the impact of change and ensuring the effectiveness of business change', 'Develop skills and knowledge to support successful business change programmes within your organisation.\nAttain one of the four modules you need to gain the Advanced International Diploma in Business Analysis', 'Apply frameworks philosophy, principles and techniques of business architecture and be able to explain the importance of business architecture in a change context, Describe the use of business architecture in assessing the impact of change and ensuring the effectiveness of business change, Develop skills and knowledge to support successful business change programmes within your organisation, Attain one of the four modules you need to gain the Advanced International Diploma in Business Analysis', 'Who is it for?', NULL, 'The professional certificate is for anyone who needs to understand the principles rationale and techniques of the business architecture discipline,\nSuitable for business analysts-business architects-business change managers project managers and business managers', ' Entry Requirements', NULL, 'There are no entry requirements for this certification', 'What will I learn?', 'You’ll gain a broad understanding of business architecture including:', 'The business architecture domain,\nBusiness architecture frameworks,\nBusiness motivation view,\nCapability / organisation view,\nValue / process view,\nCompetency / people view,\nInformation and technology views,\nBusiness architecture and business change', NULL, NULL, NULL, 'How do I get this certification?', 'Take the complete training programme (recommended)', 'You can take a bundled programme of courses with one of our approved training providers. You’ll find them across the UK and around the world.', 'How long will it take?', 'Classroom courses normally last three days.\r\n\r\n', 'Where can I study?', 'At an approved provider near you and\r\nat your computer via e-learning or web conference learning', 'How much does it cost?', 'Prices for courses vary depending on your chosen training provider and course format.', NULL, NULL, NULL, NULL, NULL, NULL, NULL, '', 'What format is the exam?', 'Pass mark is 65% (26/40)\n,90 minute \'closed book\' with 40 multiple choice questions. Please note: this exam has been updated to an online format. The new syllabus reflects a change in exam format only, syllabus content has not changed.', 24, '2022-01-24 12:06:17', '2022-01-24 12:06:48', '/storage/btb.png');
INSERT INTO `page_certificate_details` VALUES (28, 'Professional Certificate in Business Finance', NULL, NULL, 'Demonstrate your financial management and analysis skills with this internationally recognised certification, A certification that is specifically focused on finance and reporting within business change projects, Develop skills and knowledge to support successful business change programmes within your organisation, Attain one of the four modules you need to gain the Advanced International Diploma in Business Analysis', 'Who is it for?', NULL, 'The professional certificate is designed for people who want to understand apply and realise business benefit processes in change projects, Suitable for business analysts business architects project managers programme managers business managers and members of their team', ' Entry Requirements', NULL, 'There are no entry requirements for this certification.', 'What will I learn?', 'You’ll gain a broad understanding of managing and applying benefits in projects, including how to:', 'Finance in the project lifecycle,\r\nDeveloping a business case,\r\nConstructing a financial case,\r\nBudgets and budgeting,\r\nCosts and cost behaviour,\r\nEvaluating supplier financial stability,\r\nFinancing service deliver', NULL, NULL, NULL, 'How do I get this certification?', 'Take the complete training programme (recommended)', 'You can take a bundled programme of courses with one of our approved training providers. You’ll find them across the UK and around the world.', 'How long will it take?', 'Classroom courses normally last three days.\r\n\r\n', 'Where can I study?', 'At an approved provider near you and\r\nat your computer via e-learning or web conference learning', 'How much does it cost?', 'Prices for courses vary depending on your chosen training provider and course format.', 'Exam only (self study)', 'Ideal if you’re self-motivated and already know something about Business Analysis.', 'How long will it take?', 'It usually takes a minimum of 27 hours to prepare for the exam.', 'Where can I take the exam?', 'At any Pearson VUE test centre across the world.', 'How much does it cost?', 'Exam price: £342(£285 + VAT)', ' What format is the exam?', '90-minute ‘closed book’ multiple choice questions,\r\nPass mark is 65%\r\n', 25, '2022-01-24 12:36:17', '2022-01-24 12:36:48', '/storage/btb.png');
INSERT INTO `page_certificate_details` VALUES (29, 'Professional Certificate in Data Analysis', NULL, NULL, 'Define data requirements demonstrating a detailed understanding and rigour, Illustrate the benefits and uses of data analysis and the techniques applied when analysing business data, Develop skills and knowledge to support successful business change programmes within your organisation, Attain one of the four modules you need to gain the Advanced International Diploma in Business Analysis', 'Who is it for?', NULL, 'The professional certificate is designed for people who want to understand apply and realise business benefit processes in change projects, Suitable for business analysts business architects, project managers programme managers business managers and members of their team', ' Entry Requirements', NULL, 'There are no entry requirements for this certification.', 'What will I learn?', 'You’ll gain a broad understanding of managing and applying benefits in projects, including how to:', 'Concepts and principles of data analysis and modelling,\r\nEntity relationship modelling,\r\nHow to rationalise data,\r\nAnalyse class modelling,\r\nValidation techniques', NULL, NULL, NULL, 'How do I get this certification?', 'Take the complete training programme (recommended)', 'You can take a bundled programme of courses with one of our approved training providers. You’ll find them across the UK and around the world.', 'How long will it take?', 'Classroom courses normally last three days.\r\n\r\n', 'Where can I study?', 'At an approved provider near you and\r\nat your computer via e-learning or web conference learning', 'How much does it cost?', 'Prices for courses vary depending on your chosen training provider and course format.', 'Exam only (self study)', 'Ideal if you’re self-motivated and already know something about Business Analysis.', 'How long will it take?', 'It usually takes a minimum of 27 hours to prepare for the exam.', 'Where can I take the exam?', 'At any Pearson VUE test centre across the world.', 'How much does it cost?', 'Exam price: £342(£285 + VAT)', ' What format is the exam?', '90-minute ‘closed book’ with 40 scenario-based multiple choice questions,\nPass mark is 65%\n', 26, '2022-01-24 12:36:17', '2022-01-24 12:36:48', '/storage/btb.png');
INSERT INTO `page_certificate_details` VALUES (30, 'BCS Foundation Level Certificate in DevOps', 'Develop your understanding of DevOps methodology, tools and practices, and how to deliver applications and services more effectively.', NULL, NULL, 'Who is it for?', NULL, 'People involved in or implementing the DevOps process including roles such as DevOps evangelist automation architect; cloud infrastructure engineer software developer software tester security engineer database administrator and product owners. Read the syllabus below for a more complete list of roles.', 'Entry requirements', NULL, 'None. Training with a BCS accredited training provider is highly recommended.', 'What will I learn?', 'Candidates should be able to demonstrate knowledge, understanding and some basic application of the following aspects of DevOps:', 'Origins,\nBenefits,\nCulture and teams,\nAutomation,\nLean,\nMeasurement,\nSharing,\nCommon roles,\nPractices and techniques,\nMethods and approaches for teams', NULL, NULL, NULL, 'How do I get this certification?', 'Training and exam (recommended)', 'Take this course with one of our accredited training providers.', 'How long will it take?', 'Classroom courses normally last two days.', 'Where can I study?', NULL, 'How much does it cost?', 'Course prices vary depending on your chosen training provider and course format.', NULL, NULL, NULL, NULL, NULL, NULL, NULL, NULL, '\nWhat format is the exam?', 'One hour \'closed book\' with 40 multiple choice questions,Pass mark is 65% (26/40)', 27, '2022-01-26 10:52:35', '2022-01-26 10:52:35', '/storage/bt.png');
INSERT INTO `page_certificate_details` VALUES (31, 'Professional Certificate in Stakeholder Engagement', NULL, NULL, 'Gain a deeper understanding of the requirements engineering framework, Define different business roles and problem statements, Showcase your ability to understand enterprise governance, Progress towards the Advanced International Diploma in Business Analysis', 'Who is it for?', NULL, 'The professional certificate is for anyone who is responsible for engaging in and managing stakeholder relationships in a business change environment', 'What are the entry requirements?', NULL, 'There are no entry requirements for this certification.', 'What will I learn?', 'You’ll gain a broad understanding of stakeholder engagement, including:', 'Stakeholder communication,\nWorking with stakeholder groups,\nFacilitated workshop techniques,\nHow to build rapport,\nCreative problem-solving,\nManaging expectations,\nNegotiating with stakeholders,\nManaging conflict', NULL, NULL, NULL, 'How do I get this certiﬁcation?', 'Take the complete training programme (recommended)', 'You can take a bundled programme of courses with one of our approved training providers. You’ll find them across the UK and around the world.', 'How long will it take?', 'Classroom courses normally last two days.', 'Where can I study?', 'At an approved provider near you and\nAt your computer via e-learning or web conference learning', 'How much does it cost?', 'Prices for courses vary depending on your chosen training provider and course format.', 'Exam only (study on your own)', 'Ideal if you’re self-motivated and already know something about business analysis.', 'How long will it take?', 'It usually takes a minimum of 16 hours to prepare for the exam.', 'Where can I take the exam?', 'At any Pearson VUE test centre across the world', 'How much does it cost?', 'Exam price: £342 (£285 + VAT)', '\nWhat format is the exam?', '90 minute ‘closed book’ with 40 multiple choice questions,\nPass mark is 65%', 28, '2022-01-26 11:50:49', '2022-01-26 11:50:49', '/storage/btb.png');
INSERT INTO `page_certificate_details` VALUES (32, 'BCS Foundation Certificate in Data Protection', 'Explore the application of current data protection laws, including the EU General Data Protection Regulation (GDPR), UK GDPR and the UK Data Protection Act 2018.', NULL, NULL, 'Who is it for?', NULL, 'Anyone who needs to understand data protection and GDPR in particular.', 'Entry requirements', NULL, 'None. Some knowledge of data protection law would be an advantage to the candidate as well as basic working knowledge of IT and GDPR.', 'What will I learn?', 'Candidates should be able to complete the following beforehand:', 'Hold a recognised qualification in data protection.,\nGain an understanding of the key changes that the GDPR and the Data Protection Act (2018),\nGain an understanding of the new rights available to data subjects,\nThe implications of those rights with the GDPR and Data Protection Act (2018).,\nGain an understanding of responsibilities under the GDPR and the Data Protection Act (2018), \nGain an understanding of the increased obligations faced by data controllers and data processors,\nBe better placed to support their organisation in processing customer data in compliance with the GDPR and the Data Protection Act (2018).\n', NULL, NULL, NULL, 'How do I get this certification?', 'Training and exam (recommended)', 'Take this course with one of our accredited training providers.', 'How long will it take?', 'Classroom courses normally last three days.', 'Where can I study?', 'At a BCS accredited training provider near you.', 'How much does it cost?', 'Course prices vary depending on your chosen training provider and course format.', 'Exam only (self study)', 'Ideal if you’re self-motivated and have a good understanding of data protection.', 'How long will it take?', 'It usually takes a minimum of 18 hours to prepare for the exam.', 'Where do I sit my exam?', 'At any Pearson Vue test centre across the world.', 'How much does it cost?', 'Exam price: £192 (£160 + VAT).', 'What format is the exam?', 'One hour ‘closed book’ examination with 40 multiple choice questions,\nPass mark is 26/40 (65%)', 29, '2022-01-27 09:17:53', '2022-01-27 09:17:53', '/storage/btb.png');
INSERT INTO `page_certificate_details` VALUES (33, 'BCS Practitioner Certificate in Data Protection', 'For experienced Data Protection professionals, and those candidates that want to build on the BCS Foundation Certificate, you can gain a broader and deeper understanding of current laws, including the EU GDPR, UK GDPR and the UK Data Protection Act 2018, and how they need to be applied in your organisation.', NULL, NULL, 'Who is it for?', NULL, 'Anyone who has some existing responsibility for data protection within their organisation.,\nIt’s also useful for those who want to broaden their basic understanding in this area and fully understand the practical applications of data protection laws.,\nWhilst this certificate is written to the UK Data Protection Act, many other jurisdictions have enacted broadly similar data protection laws, so international candidates may also find this useful.', 'Entry requirements', NULL, 'It\'s ideal if you hold the BCS Foundation Certificate in Data Protection though this is not mandatory.,We strongly recommended that candidates attend an accredited training course and are fully familiar with GDPR and the syllabus and any recommended reading outlined in the syllabus.', 'What will I learn?', 'Candidates should be able to complete the following beforehand:', 'Key changes that the GDPR and the UK Data Protection Act introduce to data protection,\nResponsibilities under the GDPR and the UK Data Protection Act,\nApply the new rights available to data subjects,\nUnderstand the designation position and role / tasks of a data protection officer,\nHandle personal data in compliance with the GDPR and the UK Data Protection Act.\n\n', NULL, NULL, NULL, 'How do I get this certification?', 'Training and exam (recommended)', 'Take this course with one of our accredited training providers.', 'How long will it take?', 'Classroom courses usually last between three and five days dependent on training provider.', 'Where can I study?', 'At a BCS accredited training provider near you.', 'How much does it cost?', 'Course prices vary depending on your chosen training provider and course format.', 'Exam only (self study)', 'Ideal if you’re self-motivated and already know something about data protection.', 'How long will it take?', 'It usually takes between 20 to 40 hours dependent on experience.', 'Where do I sit my exam?', 'At any Pearson VUE test centre across the world.', 'How much does it cost?', 'Guide price: £228 (£190 + VAT)', 'What format is the exam?', 'A 90 minute closed book digital 40 question multi-choice exam,\nPass mark is 65%', 30, '2022-01-27 09:22:52', '2022-01-27 09:22:52', '/storage/btb.png');
INSERT INTO `page_certificate_details` VALUES (34, 'Artificial Intelligence Foundation Pathway', 'This bite-size learning pathway is a practical and convenient way to build your knowledge of AI, enabling you to work confidently, competently and responsibly in and alongside AI development.', NULL, NULL, 'About artificial intelligence (AI)', 'AI is a powerful tool that increasingly supports our way of life, at home and in the workplace. From predicting the weather and monitoring our heating, to collating election results, scanning faces on CCTV and analysing vast amounts of customer data, AI is applied by both businesses and consumers to manage complex activities with speed, efficiency and precision.  In such a fast-moving and complex field, the challenge is in understanding the evolving uses of AI and the far-reaching ethical implications. The reality today is that AI is being implemented by teams and organisations who don’t yet comprehend its potential. By the same token, consumers are adopting AI technology without knowing the true impact it could be having on their lives.', NULL, 'What are the benefits of the AI Foundation Pathway?', 'The BCS AI Foundation Pathway enables you to develop a solid understanding of this cutting-edge technology through efficient bite-size learning. The unique approach lets you select the learning that’s relevant to your own career or user journey, as and when you need it, and without having to sit a full certification.  You may be starting out in your AI career looking to build core knowledge, or you work in one of the many business areas impacted by AI - business analysis, software testing, agile, user experience to name just a few - and you need to grasp a better understanding. Maybe you’re a tech consumer simply interested in this exciting and innovative field. Whichever your perspective, the AI Foundation Pathway offers the ideal route for your AI education.', 'Bite-size learning is proven as an efficient and highly effective way to develop your knowledge and skills,The AI pathway takes a holistic approach encompassing the different ways of working and thinking in the field,You can develop knowledge in your chosen area of AI without having to invest the time and money you’d need to sit a full certification,It’s a practical alternative to university study and a fantastic opportunity to kickstart your AI career', 'How does the pathway work?', 'Choose from 12 awards set within four key areas of AI:', 'business innovation,data,ethics,machine learning and other AI techniques\n            ', NULL, NULL, NULL, NULL, NULL, NULL, NULL, NULL, NULL, NULL, NULL, NULL, NULL, NULL, NULL, NULL, NULL, NULL, NULL, NULL, NULL, NULL, 31, '2022-01-27 09:33:25', '2022-01-27 09:33:25', '/storage/btb.png');
INSERT INTO `page_certificate_details` VALUES (35, 'Professional Certificate in Advanced Requirements Engineering', NULL, NULL, NULL, 'Who is it for?', NULL, 'This professional certificate is designed for people who want to understand Agile ways of working and how they support the business analysis role,Suitable for business analysts business architects business managers and members of their team and project managers', 'What are the entry requirements?', NULL, 'There are no entry requirements for this certification.', 'What will I learn?', 'You’ll gain a broad understanding of business analysis, including:', 'How to describe a range of agile methods (process-roles-principles)\nThe role of business analysis in an agile team,\nThe use of agile analysis-modelling and documentation techniques,\nHow to analyse business goals and their decomposition,\nHow to evaluate whether an agile method is appropriate for a given situation,\nUnderstanding how to apply user story techniques,\nHow to explain the techniques used to plan and manage an iteration', NULL, NULL, NULL, NULL, '', NULL, NULL, NULL, NULL, NULL, NULL, NULL, NULL, NULL, NULL, NULL, NULL, NULL, NULL, NULL, NULL, NULL, 21, '2022-01-27 09:41:29', '2022-01-27 09:41:29', '/storage/btb.png');
INSERT INTO `page_certificate_details` VALUES (39, 'Professional Certificate in Team Leadership', NULL, NULL, 'Demonstrate your leadership ability with our internationally-recognised team leadership certification, Apply leadership frameworks and techniques in your senior role or prepare to take the next step into people management, Develop skills and knowledge to support successful business change programmes within your organisation, Attain one of the four modules you need to gain the Advanced International Diploma in Business Analysis', 'Who is it for?', NULL, 'The professional certificate is for anyone who is wants to further their understanding of leadership frameworks and techniques,Suitable for business analysts project managers product managers and business managers', 'What are the entry requirements?', NULL, 'There are no entry requirements for this certification.', 'What will I learn?', 'You’ll gain a broad understanding of team leadership, including:', 'Team leadership roles and styles,\nEmotional intelligence,\nParticipative leadership,\nPositive communication,\nManaging team performance,\nManaging time and priorities,\nLeading teams through change', NULL, NULL, NULL, 'How do I get this certification?', 'Training and exam (recommended)', 'Take this course with one of our accredited training providers.', 'How long will it take?', 'Classroom courses normally last two days.', 'Where can I study?', 'At a BCS accredited training provider near you.', 'How much does it cost?', 'Course prices vary depending on your chosen training provider and course format.', 'Exam only (self study)', 'Exam only (self study)', 'How long will it take?', 'It usually takes a minimum of 16 hours to prepare for the exam.', 'Where do I sit my exam?', 'At any Pearson VUE test centre across the world.', 'How much does it cost?', 'Exam price: £342 (£285 + VAT)', 'What format is the exam?', '90 minute ‘closed book’ with 40 multiple choice questions,\nPass mark is 65%', 33, '2022-01-27 11:53:06', '2022-01-27 11:53:06', '/storage/btb.png');
INSERT INTO `page_certificate_details` VALUES (40, 'BCS Foundation Certificate in User Experience', 'Understand the principles behind optimal design and architecture – and start improving user experience for your customers.', NULL, NULL, 'Who is it for?', 'Anyone involved in the design and evaluation of user interfaces (interface designers, usability engineers, requirement engineers, product managers).', NULL, 'Entry requirements', NULL, 'None. Training with a BCS accredited training provider is recommended.', 'What will I learn?', NULL, 'Guiding principles, User research, Illustrating the context of use, Measuring usability, Information architecture, Interaction design, Visual design, User interface prototyping, Usability evaluation,', NULL, NULL, NULL, 'How do I get this qualification?', 'Training and exam (recommended)', 'Take this course with one of our accredited training providers.', 'How long will it take?', 'Classroom courses normally last three days.', 'Where can I study?', 'At a BCS accredited training provider near you.', 'How much does it cost?', 'Course prices vary depending on your chosen training provider and course format.', 'Exam only (self study)', 'Ideal if you’re self-motivated and already know something about user experience.', 'How long will it take?', 'It usually takes a minimum of 18 hours to prepare for the exam.', 'Where do I sit my exam?', 'At any Pearson VUE test centre across the world.', 'How much does it cost?', 'Exam price: £192 (£160.00 + VAT)', 'What format is the exam?', 'One hour ‘closed book’ with 40 multiple choice questions,\nPass mark is 65% (26/40)', 34, '2022-01-27 12:04:31', '2022-01-27 12:04:31', '/storage/btb.png');
INSERT INTO `page_certificate_details` VALUES (41, 'BCS Foundation Certificate in IS Project Management', 'Understand the principles of project management and techniques to support industry good practice complementary to PRINCE2®.', NULL, NULL, 'Who is it for?', NULL, 'This certificate is appropriate for anyone involved in or affected by IT projects; this extends to users buyers and directors.', 'Entry requirements', NULL, 'No entry requirements although the candidate is expected to have basic working knowledge of IT.', 'What will I learn?', 'Candidates will be able to demonstrate and execute an understanding of the principles of project management in their organisation, including an understanding of:', 'Project planning,\nMonitoring and control,\nChange control and configuration management,\nEffort estimation,\nQuality and risk management,\nCommunication between project, stakeholders', NULL, NULL, NULL, 'How do I get this qualification?', 'Training and exam (recommended)', 'Take this course with one of our accredited training providers.', 'How long will it take?', 'Classroom courses normally last three days.', 'Where can I study?', 'At a BCS accredited training provider near you.', 'How much does it cost?', 'How much does it cost?', 'Exam only (self study)', 'Ideal if you’re self-motivated and already know something about user experience.', 'How long will it take?', 'It usually takes a minimum of 18 hours to prepare for the exam.', 'Where do I sit my exam?', 'At any Pearson VUE test centre across the world.', 'How much does it cost?', 'Exam price: £192 (£160.00 + VAT)', 'What format is the exam?', 'One hour ‘closed book’ with 40 multiple choice questions,\nPass mark is 65% (26/40)', 35, '2022-01-27 12:09:13', '2022-01-27 12:09:13', '/storage/btb.png');
INSERT INTO `page_certificate_details` VALUES (42, 'BCS EXIN Essentials Certificate in Blockchain', 'Take your first steps in blockchain training to understand the basics of blockchain, as well its challenges, applications and innovations.', NULL, NULL, 'Who is it for?', 'Anyone who wants to understand more about blockchain and the impact it can have on their organisation and society.', NULL, 'Entry requirements', NULL, 'There are no formal requirements for this certification.', 'What will I learn?', 'Candidates should be able to complete the following beforehand:', 'Explain how a blockchain works,\nExplain the purpose ledgers have in a blockchain,\nIdentify blockchain vulnerabilities,\nExplain the role of the public witness in a blockchain,\nExplain the role of decentralized autonomous organisations (DOA) and sophisticated smart contracts,\nDescribe possible applications for a blockchain with regard to identity.,\nIdentify the possibilities of combining a blockchain with internet of things (IoT) or artificial intelligence (AI),\nDescribe the role a blockchain can play in the supply chain,\nExplain what digital fiat currency and disruption in banking and currency are,\nExplain the use of blockchain technology for the protection of intellectual property right (IP) and providence', NULL, NULL, NULL, 'How do I get this qualification?', 'Training and exam (recommended)', 'Take this course with one of our accredited training providers.', 'How long will it take?', 'Classroom courses normally last for a minimum of one day.', 'Where can I study?', 'At a BCS accredited training provider near you.', 'How much does it cost?', 'Course prices vary depending on your chosen training provider and course format.', NULL, NULL, NULL, NULL, NULL, NULL, NULL, NULL, 'What format is the exam?', '30 minute ‘closed book’ with 20 multiple choice questions,\nPass mark is 65% (13/20)', 36, '2022-01-31 11:39:35', '2022-01-31 11:39:35', '/storage/btb.png');
INSERT INTO `page_certificate_details` VALUES (43, 'BCS Foundation Certificate in Information Security Management Principles', 'Gain a clear understanding of IS management issues including risk management, security standards, legislation and business continuity.', NULL, NULL, 'Who is it for?', 'Anyone with an interest in information security, whether as a career or for general business knowledge.', NULL, 'Entry requirements', NULL, 'There are no formal entry requirements however the candidate should have basic working IT knowledge and an awareness of the issues involved with the security control activities., It\'s recommended that candidates read the BCS course approved reference book Information Security Management Principles as well as attend training with a BCS accredited training course.', 'What will I learn?', 'Candidates should be able to complete the following beforehand:', 'Knowledge of the concepts relating to information security,\nUnderstanding of current national legislation and regulations which impact upon information security, \nAwareness of current national and international standards, Frameworks and organisations which facilitate the management of information security., \nUnderstanding of the current business and common technical environment, \nKnowledge of the categorisation operation and effectiveness of controls of different types and characteristics. ', NULL, NULL, NULL, 'How do I get this qualification?', 'Training and exam (recommended)', 'Take this course with one of our accredited training providers.', 'How long will it take?', 'Classroom courses normally last three days.', 'Where can I study?', 'At a BCS accredited training provider near you.', 'How much does it cost?', 'Course prices vary depending on your chosen training provider and course format.', 'Exam only (self study)', 'Ideal if you’re self-motivated and already know something about information security.', 'How long will it take?', 'It usually takes a minimum of 40 hours to prepare for the exam.', 'Where do I sit my exam?', 'At any Pearson VUE test centre across the world.', 'How much does it cost?', 'Exam price: £192 (£160.00 + VAT)', 'What format is the exam?', 'Two hour ‘closed book’ with 100 multiple choice questions,\nPass mark is 65% (65/100)', 37, '2022-01-31 11:55:40', '2022-01-31 11:55:40', '/storage/1.png');
INSERT INTO `page_certificate_details` VALUES (44, 'BCS EXIN Foundation Certificate in Blockchain', 'Gain a clear understanding of the basic concepts of blockchain and the potential fields of application, as well as the potential value for the organisation and the technology driving blockchain.', NULL, NULL, 'Who is it for?', 'Anyone who wants to understand blockchain and its wider application in their own organisation.', NULL, 'Entry requirements', '', 'There are no formal requirements but it is advisable to complete the BCS EXIN Essentials Certificate in Blockchain.', 'What will I learn?', 'Candidates should be able to complete the following beforehand:', 'Explain how a blockchain works,\nIdentify the role of a node in a network,\nDifferentiate between public private and hybrid blockchains,\nExplain how cryptography private and public keys and hashes are used in a blockchain,\nIdentify advantages and disadvantages of different consensus algorithms,\nDescribe possible applications for a blockchain with regard to identity.,\nDescribe the role a blockchain can play in the supply chain.,\nDifferentiate between blockchain networks,\nIdentify the possibilities of combining a blockchain with internet of things (IoT) or artificial intelligence (AI),\nExplain the use of blockchain technology for the protection of intellectual property rights (IP) and providence.', NULL, NULL, NULL, 'How do I get this qualification?', 'Training and exam (recommended)', 'Take this course with one of our accredited training providers.', 'How long will it take?', 'Classroom courses normally last for a minimum of two days.', 'Where can I study?', 'At a BCS accredited training provider near you.', 'How much does it cost?', 'Course prices vary depending on your chosen training provider and course format.', NULL, NULL, NULL, NULL, NULL, NULL, NULL, NULL, 'What format is the exam?', 'One hour ‘closed book’ with 40 multiple choice questions,\nPass mark is 65% (26/40)', 38, '2022-01-31 12:13:50', '2022-01-31 12:13:50', '/storage/1.png');
INSERT INTO `page_certificate_details` VALUES (45, 'BCS Practitioner Certificate in Business Continuity Management', 'Learn how to significantly contribute to your organisation\'s business continuity management process in this ‘hands-on’, practical course.', NULL, NULL, 'Who is it for?', 'Anyone who is involved in the areas of information security and information assurance.', NULL, 'Entry requirements', NULL, 'There are no formal entry requirements however the candidate will require an understanding of information assurance., It\'s recommended that candidates attend a BCS accredited training course.', 'What will I learn?', 'Candidates should be able to complete the following beforehand:', 'The function of and need for business continuity management within an organisation,\nThe business continuity management life cycle,\nThe main components of a business continuity management programme,\nThe need for risk assessment within business continuity management,\nThe options for development of a business continuity management strategy,\nHow to prepare and develop plans for business continuity management response, \nThe need for exercising maintenance and review of plans,\nThe need for embedding business continuity management awareness within the organisation ', NULL, NULL, NULL, 'How do I get this qualification?', 'Training and exam (recommended)', 'Take this course with one of our accredited training providers.', 'How long will it take?', 'Classroom courses normally last three days.', 'Where can I study?', 'At a BCS accredited training provider near you.', 'How much does it cost?', 'Course prices vary depending on your chosen training provider and course format.', 'Exam only (self study)', 'Ideal if you’re self-motivated and already know something about business continuity management.', 'How long will it take?', 'It usually takes a minimum of 34 hours to prepare for the exam.', 'How do I sit the exam?', 'If you\'re studying for this qualification without a training provider you can sit this exam directly with BCS.', 'How much does it cost?', 'Exam price: £222 (£185.00 + VAT)', 'What format is the exam?', '\n\nPart A: Ten multiple choice questions (1 mark each),\nPart B: Six compulsory short narrative questions (5 marks each),\nPart C: Three compulsory essay style questions (20 marks each),\nPass mark is 65% (65/100)', 39, '2022-01-31 13:28:58', '2022-01-31 13:28:58', '/storage/1.png');
INSERT INTO `page_certificate_details` VALUES (46, 'BCS Practitioner Certificate in Freedom of Information', 'Understand how to instill robust information practices, based on the Freedom of Information Act 2000, and the implications for your organisation.', NULL, NULL, 'Who is it for?', 'Anyone managing or responding to requests for information from the public or working in this subject area, for instance information managers or Freedom of Information (FOI) practitioners.', NULL, 'Entry requirements', NULL, 'There are no formal entry requirements however it is strongly recommended that candidates attend a BCS accredited training course. Some knowledge of the FOI law and applying this in a work context would be beneficial.', 'What will I learn?', 'Candidates should be able to complete the following beforehand:', 'How specific exemptions might apply to requests for information including the application of the public,\nA clear and balanced approach to applying legal judgements in accordance with the law and case law.,\nImplementation of internal management procedures to support freedom of information legislation.,  \nKnowledge of the definition of the Act and how it interacts with legislation, Specifically the Environmental Information Regulations 2004 and the Data Protection Act 2018.,\nDevelopment of internal procedures to support your authority’s compliance with the FOI Act,\nHow to apply the legislation in a practical setting relevant to your work.,\nHow to prepare clear advice to colleagues as well as the public.', NULL, NULL, NULL, 'How do I get this qualification?', 'Training and exam (recommended)', 'Take this course with one of our accredited training providers.', 'How long will it take?', 'We recommend 40 hours of training with a provider.', 'Where can I study?', 'At a BCS accredited training provider near you.', 'How much does it cost?', 'Course prices vary depending on your chosen training provider and course format.', 'Exam only (self study)', 'Ideal if you’re self-motivated and already know something about freedom of information.', 'How do I sit the exam?', 'If you\'re studying for this qualification without a training provider you can sit this exam directly with BCS.', 'How much does it cost?', 'Exam price: £222 (£185.00 + VAT)', NULL, NULL, 'What format is the exam?', '90 minute scenario based ‘closed book’ digital exam,\n6 multiple choice questions (State and Describe),\n12 multiple response questions (Explain),\n3 scenario-based questions (Apply and Analyse),\nPass mark of 65%', 40, '2022-01-31 13:51:42', '2022-01-31 13:51:42', '/storage/1.png');
INSERT INTO `page_certificate_details` VALUES (47, 'BCS Practitioner Certificate in Information Assurance Architecture', 'In line with your CCP training, learn more about building an architecture that meets business requirements while mitigating risk.', NULL, NULL, 'Who is it for?', 'Security professionals looking to understand the technical and business aspects of the profession or anyone looking to work in the field of security architecture.', NULL, 'Entry requirements', NULL, 'There are no formal entry requirements however candidates will require an understanding of information assurance. ,It\'s recommended that candidates attend a BCS accredited training course.', 'What will I learn?', 'Candidates should be able to complete the following beforehand:', 'Describe the business environment and the information risks that apply to the systems.,\nDescribe and apply security design principles.,\nIdentify information risks that arise from potential solution architectures.,\nDesign alternate architectures or countermeasures to mitigate risks.,\nEnsure that proposed architectures and countermeasures adequately mitigate identified information risks.,\nApply ‘standard’ security techniques and architectures to mitigate security risks.,\nDevelop new architectures that mitigate the risks posed by new technologies and business practices.,\nProvide consultancy and advice to explain Information Assurance and architectural problems.,\nSecurity configure ICT systems in compliance with their approved security architectures.', NULL, NULL, NULL, 'How do I get this qualification?', 'Training and exam (recommended)', 'Take this course with one of our accredited training providers.', 'How long will it take?', 'Classroom courses normally last five days.', 'Where can I study?', 'At a BCS accredited training provider near you.', 'How much does it cost?', 'Course prices vary depending on your chosen training provider and course format.', 'Exam only (self study)', 'Ideal if you’re self-motivated and already know something about information assurance.', 'How do I sit the exam?', 'If you\'re studying for this qualification without a training provider you can sit this exam directly with BCS.', 'How much does it cost?', 'Exam price: £264 (£220.00 + VAT)', NULL, NULL, 'What format is the exam?', 'Two hour ‘closed book’ scenario based examination,\n\nPart A: 60 multiple choice questions (1 mark each),\nPart B: 25 scenario based multiple choice questions (65 marks available),\nPass mark is 81/125 (65%).', 41, '2022-02-01 09:43:31', '2022-02-01 09:43:31', '/storage/1.png');
INSERT INTO `page_certificate_details` VALUES (48, 'NCSC Certified Cyber Professional (CCP) assured service', 'The National Cyber Security Centre (NCSC) recognition sets the professional standards for cyber practitioners in the UK, supporting the development of a robust and respected cyber security profession.', NULL, NULL, 'What is the Certified Cyber Professional (CCP) assured service?', 'The CCP assured service has been developed by the NCSC in consultation with government, industry and academia to address the growing need for specialists in the cyber security profession, and sets the standard for UK cyber security professionals.', NULL, 'Changes to the CCP assured service', 'Following a pilot, the CCP assured service is changing. When CCP was originally introduced, people were certified in cyber security roles. After listening to feedback from users and professionals, NCSC has decided to refresh and streamline the assessment process to focus more closely on critical skills. As a result, candidates will now be recognised in specialisms instead of roles.', 'Please note: NCSC will honour the expiry date on role certifications already awarded. No-one will be required to hold both a role and a specialism certification for the same cyber security activity. Revalidations (involving the submission of CPD evidence) at the 18-month point for existing CCP role certifications will continue as normal until September 2022.,\n\nIf you have any queries please contact ccpsupport@bcs.uk.', 'Submit an application to have your Risk Management experience recognised', 'If successful in the assessment process to determine your CCP level (which includes a comprehensive interview), you will be able to:', 'Take your place on the public CCP register and gain wider recognition for your competence and experience,\n\nValidate your cyber security credentials and your role in protecting your organisation’s assets,\n\nTake up a year’s free BCS membership when you gain this recognition (offer available to non-members only),\n\nJoin a community of practitioners raising standards and building the reputation of the UK’s cyber profession', 'What’s involved in the application process?', 'To apply for CCP, you will need to ensure you have one of the following foundational pre-requisites:', 'An NCSC-certified degree (undergraduate or postgraduate) or,\nA valid certificate for Certified Information Systems Security Professional (CISSP) including full membership of (ISC)² or,\nA valid certificate for Certified Information Security Manager (CISM)  including full membership of ISACA or,\nFull membership of the Chartered Institute of Information Security (CIISec) or,\nProof of having passed an appropriate NCSC internal skills level assessment or,\nProof of having completed an internal NCSC professional development framework (for example for cyber security architecture).', 'How do the existing and new CCP assured service compare?', 'Previous service : Roles based', 'Three levels: 6 skills based roles', 'Lead Practitioner', NULL, 'Senior Lead Practitioner', NULL, 'Practitioner', NULL, 'New service', 'Specialism based: Two level based', 'Certified Cyber Professional', '', 'Associate Cyber Professional', NULL, NULL, '1 specialism to launch first - Risk Management - with others to follow in due course.', 'How much does it cost?', 'The application fee is £2550.00 +VAT.', 42, '2022-02-01 10:05:35', '2022-02-01 10:05:35', '/storage/1.png');
INSERT INTO `page_certificate_details` VALUES (49, 'Advanced International Diploma in Business analysis', 'Gain independent, industry-wide recognition as a senior business analyst by demonstrating your experience, expertise and contribution to the BA profession.', NULL, 'Validate your knowledge skills and capabilities and gain entry onto the the professional registration for IT technicians (RITTech) following successful completion of your International Diploma, Attain an internationally-recognised certification, Choose to work towards the Diploma module by module or take all the modules together in a bundled training programme, Exemptions for holders of IIBA IREB or Organisational Context certifications. Find out more about exemptions', 'Who is it for?', 'Experienced senior business analysts who actively contribute to the development and promotion of the business analysis profession.', NULL, 'Entry Requirements', 'There are no formal entry requirements however candidates will require an understanding of information assurance. It\'s recommended that candidates attend a BCS accredited training course.', 'BCS International Diploma in Business Analysis,\r\nBCS Professional level BA certificates in each of the analytical, business and people skills specialisms,\r\nAdditional BCS Professional level BA certificate in either the analytical or business skills specialism,\r\nAt least five years’ BA experience\r\n', '', '', NULL, '', '', '', '', 'How do I get the BA Advanced International Diploma?', 'In addition to holding prerequisite certification, to achieve the Advanced International Diploma in Business Analysis you’ll need to demonstrate your experience, CPD, and contribution to the BA community, in a written portfolio.', '', '', '', NULL, NULL, NULL, '', '', '', '', '', NULL, NULL, NULL, 'How much does it cost?', 'The application fee is £714 (£595 +VAT)', 43, '2022-02-01 10:05:35', '2022-02-01 10:05:35', '/storage/btb.png');
INSERT INTO `page_certificate_details` VALUES (50, 'Expert BA Award', 'Validate your high-level business analysis skills and expertise by achieving the Expert BA Award, endorsed by BCS in partnership with the BA Manager Forum (BAMF) and Chartered Management Institute (CMI).', NULL, NULL, 'Who is it for?', NULL, 'Senior business analysts who conduct complex BA activities engage with senior stakeholders and can demonstrate their impact to the organisation at a strategic level.', 'What are the entry requirements?', NULL, 'You’ll need prerequisite certification and proven core and specialist BA skills.', 'What will I learn?', 'The application process for the award comprises the following steps:', 'prerequisite certification and experience,\r\nwritten submission of evidence demonstrating your core and specialist skills and contribution to the BA profession,\r\nsupporter validation,\r\nproject assignment,\r\ninterview with assessors', NULL, NULL, NULL, NULL, NULL, NULL, NULL, NULL, NULL, NULL, NULL, NULL, NULL, NULL, NULL, NULL, NULL, NULL, NULL, NULL, NULL, NULL, 44, NULL, NULL, '/storage/btb.png');
INSERT INTO `page_certificate_details` VALUES (53, 'International Diploma in Business Analysis', NULL, NULL, 'Validate the knowledge skills and capabilities you have gained so far,\nAttain an internationally-recognised certification,\nChoose to work towards the Diploma module by module or take all the modules together in a bundled training programme,\nExemptions for holders of IIBA IREB or Organisational Context certifications. Find out more about exemptions', 'Who is it for?', NULL, 'The International Diploma is designed for business and IT professionals who want to demonstrate they have a detailed understanding of business analysis best practice', ' How do I get the diploma?', NULL, 'You need to pass 4 modules, Then sit the oral examination', NULL, NULL, NULL, NULL, NULL, NULL, 'How do I get this certification?\r\n', 'Book your oral exam', 'Once you have completed your 4 chosen modules you can book the exam with us', 'When can I take the exam?', 'All exams take place online and instructions will be sent to you after booking.', 'How much does it cost?', 'Exam price: £390 (£325 + VAT)', NULL, NULL, 'Take the complete training programme', 'You can take a bundled programme of courses with one of our approved training providers. You’ll find them across the UK and around the world.\n\n', 'You can choose when you take each of the 4 modules', 'Each module typically takes 3 days of classroom study followed by an exam', 'How much does it cost?', 'Prices for courses vary depending on your chosen training provider and course format.', NULL, NULL, NULL, NULL, 45, NULL, NULL, '/storage/btb.png');
INSERT INTO `page_certificate_details` VALUES (54, 'BCS Practitioner Certificate in Systems Modelling Techniques', 'Develop valuable practical skills by constructing three types of model and demonstrating the interactions between them from varying perspectives.', NULL, NULL, 'Who is it for?', NULL, 'Anyone who is involved in any aspect of systems modelling.', 'Entry Requirements', NULL, 'None.', 'What will I learn?', NULL, 'Justify the need for IT system modelling and modelling techniques, Explain why it is important to model IT system requirements from different perspectives, Develop models of system functionality. These models should be either process models with supporting process descriptions or use case diagrams with supporting use case descriptions. , Develop models of system data. These models should be either entity relationship models or analysis class models both with supporting descriptions., Develop a dynamic model. This model should be either an entity life history showing the effect of events on an entity or a sequence diagram showing the realisation of a use case., Evaluate selected models against business objectives and system requirements., Appreciate how the selected models inter-relate with each other, Describe how the products of analysis feed into the design and development of a system.', NULL, NULL, NULL, 'How do I get this certification?', 'Training and exam (recommended)', 'Take this course with one of our accredited training providers.', 'How long will it take?', 'Classroom courses normally last three days.', 'Where can I study?', 'At a BCS accredited training provider near you.\r\n\r\n', 'How much does it cost?', 'Course prices vary depending on your chosen training provider and course format.', NULL, NULL, NULL, NULL, NULL, NULL, NULL, NULL, 'What format is the exam?', 'One hour \'open book\' with 15 minutes reading time,Written based on a business scenario,Pass mark is 50%', 46, '2022-01-21 12:04:47', '2022-01-21 12:04:47', '/storage/btb.png');
INSERT INTO `page_certificate_details` VALUES (55, 'BCS Practitioner Certificate in Systems Development Essentials', 'Explore generic lifecycle types, methods and approaches and the systems investigation and quality assurance that underpins the development.', NULL, NULL, 'Who is it for?', NULL, 'Anyone who is involved in any aspect of systems development.', 'Entry Requirements', NULL, 'None.', 'What will I learn?', NULL, 'Identify the tasks and disciplines required for systems development and the implementation of the development, Describe the relationship between systems development and the wider term solution development, Interpret the business requirements and produce systems requirements, Describe the commonly used development lifecycles defined in the syllabus, Select a particular development lifecycle based on specific characteristics, Describe in detail one method that embraces one (or more) of these generic lifecycles, Describe the structure, activities and deliverables of this method, Identify the key roles and responsibilities within the chosen method and describe how these can be used to form teams, Describe interpret and quality assure the key models that the selected method uses for defining the process static and event processes of the system, Explain the differences between logical and physical models, Make effective use of different methods of interpersonal communications, Quality assure the systems requirements documentation and models, Identify different architectures for systems development solutions, Conduct a quality review, Explain how CASE CAST and Application Management tools might be used to support the chosen method', NULL, NULL, NULL, 'How do I get this certification?', 'Training and exam (recommended)', 'Take this course with one of our accredited training providers.', 'How long will it take?', 'Classroom courses normally last three days.', 'Where can I study?', 'At a BCS accredited training provider near you.\r\n\r\n', 'How much does it cost?', 'Course prices vary depending on your chosen training provider and course format.', NULL, NULL, NULL, NULL, NULL, NULL, NULL, NULL, 'What format is the exam?', 'One hour \'open book\' with 15 minutes reading time,Written based on a business scenario,Pass mark is 50%', 47, '2022-01-21 12:04:47', '2022-01-21 12:04:47', '/storage/btb.png');
INSERT INTO `page_certificate_details` VALUES (56, 'BCS Certificate in IT', 'Take the first step in your HEQ journey - the Certificate level focuses on three core modules and is comparable to the first year of a university degree.', NULL, NULL, 'Who is it for?', NULL, 'The Certificate in IT is for students looking to build a solid foundation for a career in IT and computing', 'What are the entry requirements?', '', 'You need to be a BCS member to sit the exams\r\n', 'What will I learn?', 'Three core modules covering fundamental principles in IT:', NULL, '\r\nIs there any exemption?', '', 'If you already hold a qualification that covers the HEQ syllabus you may qualify for exemption from a particular module.', 'How do I get this qualification?', 'Complete training programme (recommended)', 'Complete your study with a BCS approved training provider - they\'re located around the world.', 'How long will it take?', 'Study typically takes six months.', 'Where can I study?', 'We have BCS approved training providers in\r\nGhana,\r\nMauritius,\r\nNepal,\r\nNigeria,\r\nPakistan,\r\nSri Lanka,\r\nZimbabwe', 'How much does it cost?', 'Course prices vary depending on your chosen training provider and course format.', 'Exam only (study on your own)', 'Ideal if you’re self-motivated and already have some basic IT knowledge.', 'How long will it take?', 'To prepare for your exams, we recommend a minimum of 200 hours of study for each of the three modules - that\'s 600 hours in total. There\'s a two-hour exam at the end of each module.', 'Where and When can I sit my exams?', 'Find out more about the annual availability for HEQ exams. We have exam venues across the world, including Colombo and Reduit.', 'How much does it cost?', 'Exam price (per module): £45', 'What format is the exam?', 'Two hour ‘closed book’,\r\nPass mark: 40%', 48, '2022-01-21 12:04:47', '2022-01-21 12:04:47', '/storage/bth.png');
INSERT INTO `page_certificate_details` VALUES (57, 'BCS Diploma in IT', 'Select the modules that match your chosen career path when you study the Diploma in IT – comparable to the second year of a university degree course.', NULL, '', 'Who is it for?', NULL, 'The Diploma in IT is for students who understand the fundamental principles in IT and are ready to start developing specialist skills.', 'What are the entry requirements?', '', 'You need to have passed, or been made exempt from the BCS Certificate in IT.,\r\nYou must be a BCS member to sit the exam.', 'What is the professional IT project?', 'If you’re not going on to study the Professional Graduate Diploma in IT you’ll need to complete a 5000-word professional IT project as part of your Diploma in IT.', 'You’ll need to complete a 5000-word professional IT project as part of your Diploma in IT.', 'Is there any exemption?', '', 'If you already hold a qualification that covers the HEQ syllabus you can apply for exemption from specific modules (no more than two).', 'How do I get this qualification?', 'Complete training programme (recommended)  ', 'Complete your study with a BCS approved training provider - they\'re located around the world', 'How long will it take?', 'We recommend a minimum of 225 hours of study for each module.\r\n\r\nAn additional 200 hours of study will be required if you need to complete a professional project in IT.', 'How much does it cost?', 'Course prices vary depending on your chosen training provider and course format.', 'How long will it take?', 'To prepare for your exam, we recommend a minimum of 225 hours of study for each module. You’ll sit a two-hour exam which covers all modules.', 'Exam and project only (study on your own)', 'Ideal if you’re self-motivated and already an understanding of the subjects of your chosen modules.', 'Where do I submit my project?', 'There are two assessment periods each year: March and September.', 'Where and When can I sit my exams?', 'Find out more about the annual availability for HEQ exams. We have exam venues across the world, including Colombo and Reduit. ', 'How much does it cost?', 'Exam price: £50\r\n\r\nProject submission: £75', 'What format is the exam?', 'Two hour \'closed book\' per module, Pass mark: 40% per module\r\n', 49, '2022-01-21 12:04:47', '2022-01-21 12:04:47', '/storage/bth.png');
INSERT INTO `page_certificate_details` VALUES (58, 'BCS Professional Graduate Diploma in IT', 'Prepare for a rewarding career in technology by developing specialist degree-level knowledge and practical skills aligned with your chosen field of IT.', NULL, '', 'Who is it for?', NULL, 'The Professional Graduate Diploma in IT is for students who are dedicated to working in the IT industry and are looking to gain depth of knowledge and expertise', 'What are the entry requirements?', '', 'You need to have passed or been made exempt from the BCS Certificate in IT and the BCS Diploma in IT., \r\nYou must be a BCS member to sit the exam.', 'What is the professional IT project?', NULL, 'You’ll need to produce a 10000-word professional IT project to complete your Professional Graduate Diploma in IT.', 'Is there any exemption?', '', 'If you already hold a qualification that covers the HEQ syllabus you can apply for exemption from specific modules (no more than two).', 'How do I get this qualification?', 'Complete training programme (recommended)', 'Complete your study with a BCS approved training provider - they\'re located around the world.', 'How long will it take?', 'We recommend a minimum of 250 hours of study for each module, and 300 hours of study to complete your professional project in IT', 'How much does it cost?', 'Course prices vary depending on your chosen training provider and course format.', 'How long will it take?', 'To prepare for your exam, we recommend a minimum of 250 hours of study for each module. You’ll sit a three-hour exam which covers all four of your chosen modules. Practical experience is required to answer some parts of the exam.', 'Exam and project only (study on your own)', 'Ideal if you’re self-motivated and already detailed understanding in the relevant areas of IT.', 'Where do I submit my project?', 'There are two assessment periods each year: March and September', 'Where and When can I sit my exams?', 'Find out more about the annual availability for HEQ exams. We have exam venues across the world, including Colombo and Reduit. ', 'How much does it cost?', 'Exam price: £90\r\n\r\nProject submission: £105', 'What format is the exam?', 'Three-hour ‘closed book’ per module,\r\nPass mark: 40% per module', 50, '2022-01-21 12:04:47', '2022-01-21 12:04:47', '/storage/bth.png');

-- ----------------------------
-- Table structure for page_certificates
-- ----------------------------
DROP TABLE IF EXISTS `page_certificates`;
CREATE TABLE `page_certificates`  (
  `id` bigint UNSIGNED NOT NULL AUTO_INCREMENT,
  `name` longtext CHARACTER SET utf8mb4 COLLATE utf8mb4_unicode_ci NOT NULL,
  `created_at` timestamp NULL DEFAULT NULL,
  `updated_at` timestamp NULL DEFAULT NULL,
  PRIMARY KEY (`id`) USING BTREE
) ENGINE = InnoDB AUTO_INCREMENT = 52 CHARACTER SET = utf8mb4 COLLATE = utf8mb4_unicode_ci ROW_FORMAT = Dynamic;

-- ----------------------------
-- Records of page_certificates
-- ----------------------------
INSERT INTO `page_certificates` VALUES (2, 'BCS Foundation Certificate in Agile', '2022-01-21 10:45:19', '2022-01-21 10:45:19');
INSERT INTO `page_certificates` VALUES (3, 'BCS EXIN Foundation Certificate in Agile Scrum', '2022-01-21 11:50:19', '2022-01-21 11:50:19');
INSERT INTO `page_certificates` VALUES (4, 'BCS EXIN Practitioner Certificate in Agile Scrum Master', '2022-01-21 12:04:12', '2022-01-21 12:04:12');
INSERT INTO `page_certificates` VALUES (5, 'BCS EXIN Practitioner Certificate in Agile Scrum Product Owner', '2022-01-21 12:14:45', '2022-01-21 12:14:45');
INSERT INTO `page_certificates` VALUES (6, 'BCS EXIN Practitioner Certificate in Agile Scrum Product Owner (Bridge)', '2022-01-21 13:22:29', '2022-01-21 13:22:29');
INSERT INTO `page_certificates` VALUES (7, 'BCS Essentials Certificate in Artificial Intelligence', '2022-01-21 13:53:02', '2022-01-21 13:53:02');
INSERT INTO `page_certificates` VALUES (8, 'BCS Foundation Certificate in Artificial Intelligence', '2022-01-21 14:04:14', '2022-01-21 14:04:14');
INSERT INTO `page_certificates` VALUES (9, 'Foundation Certificate in Business Analysis', '2022-01-21 14:16:48', '2022-01-21 14:16:48');
INSERT INTO `page_certificates` VALUES (10, 'Foundation Certificate in Business Change', '2022-01-24 11:29:58', '2022-01-24 11:29:58');
INSERT INTO `page_certificates` VALUES (11, 'Foundation Certificate in Organisation Behaviour', '2022-01-24 11:29:58', '2022-01-24 11:29:58');
INSERT INTO `page_certificates` VALUES (13, 'Practitioner Certificate in Business Analysis Practice', '2022-01-24 12:05:24', '2022-01-24 12:05:24');
INSERT INTO `page_certificates` VALUES (14, 'Practitioner Certificate in Benefits Management and Business Acceptance', '2022-01-24 12:09:13', '2022-01-24 12:09:13');
INSERT INTO `page_certificates` VALUES (17, 'Practitioner Certificate in Modelling Business Processes', '2022-01-24 12:35:59', '2022-01-24 12:35:59');
INSERT INTO `page_certificates` VALUES (18, 'Practitioner Certificate in Data Management Essentials', '2022-01-24 12:41:43', '2022-01-24 12:41:43');
INSERT INTO `page_certificates` VALUES (19, 'Foundation Certificate in Requirements Engineering', '2022-01-24 12:45:09', '2022-01-24 12:45:09');
INSERT INTO `page_certificates` VALUES (21, 'Professional Certificate in Advanced Requirements Engineering', '2022-01-24 12:52:03', '2022-01-24 12:52:03');
INSERT INTO `page_certificates` VALUES (22, 'Professional Certificate in Agile Business Analysis', '2022-01-24 12:56:07', '2022-01-24 12:56:07');
INSERT INTO `page_certificates` VALUES (23, 'Professional Certificate in Benefits Planning Realisation', '2022-01-24 13:00:14', '2022-01-24 13:00:14');
INSERT INTO `page_certificates` VALUES (24, 'Professional Certificate in Business Architecture', '2022-01-24 13:12:08', '2022-01-24 13:12:08');
INSERT INTO `page_certificates` VALUES (25, 'Professional Certificate in Business Finance', '2022-01-24 13:28:42', '2022-01-24 13:28:42');
INSERT INTO `page_certificates` VALUES (26, 'Professional Certificate in Data Analysis', '2022-01-24 13:33:16', '2022-01-24 13:33:16');
INSERT INTO `page_certificates` VALUES (27, 'BCS Foundation Level Certificate in DevOps', '2022-01-26 10:48:51', '2022-01-26 10:48:51');
INSERT INTO `page_certificates` VALUES (28, 'Professional Certificate in Stakeholder Engagement', '2022-01-26 11:49:43', '2022-01-26 11:49:43');
INSERT INTO `page_certificates` VALUES (29, 'BCS Foundation Certificate in Data Protection', '2022-01-27 09:13:54', '2022-01-27 09:13:54');
INSERT INTO `page_certificates` VALUES (30, 'BCS Practitioner Certificate in Data Protection', '2022-01-27 09:21:40', '2022-01-27 09:21:40');
INSERT INTO `page_certificates` VALUES (31, 'Artificial Intelligence Foundation Pathway', '2022-01-27 09:31:12', '2022-01-27 09:31:12');
INSERT INTO `page_certificates` VALUES (32, 'Professional Certificate in Benefits Planning and Realisation', '2022-01-27 10:10:35', '2022-01-27 10:10:35');
INSERT INTO `page_certificates` VALUES (33, 'Professional Certificate in Team Leadership', '2022-01-27 11:52:01', '2022-01-27 11:52:01');
INSERT INTO `page_certificates` VALUES (34, 'BCS Foundation Certificate in User Experience', '2022-01-27 12:02:27', '2022-01-27 12:02:27');
INSERT INTO `page_certificates` VALUES (35, 'BCS Foundation Certificate in IS Project Management', '2022-01-27 12:09:03', '2022-01-27 12:09:03');
INSERT INTO `page_certificates` VALUES (36, 'BCS EXIN Essentials Certificate in Blockchain', '2022-01-31 11:33:42', '2022-01-31 11:33:42');
INSERT INTO `page_certificates` VALUES (37, 'BCS Foundation Certificate in Information Security Management Principles', '2022-01-31 11:44:35', '2022-01-31 11:44:35');
INSERT INTO `page_certificates` VALUES (38, 'BCS EXIN Foundation Certificate in Blockchain', '2022-01-31 12:06:57', '2022-01-31 12:06:57');
INSERT INTO `page_certificates` VALUES (39, 'BCS Practitioner Certificate in Business Continuity Management', '2022-01-31 13:23:40', '2022-01-31 13:23:40');
INSERT INTO `page_certificates` VALUES (40, 'BCS Practitioner Certificate in Freedom of Information', '2022-01-31 13:36:02', '2022-01-31 13:36:02');
INSERT INTO `page_certificates` VALUES (41, 'BCS Practitioner Certificate in Information Assurance Architecture', '2022-02-01 09:34:02', '2022-02-01 09:34:02');
INSERT INTO `page_certificates` VALUES (42, 'NCSC Certified Cyber Professional (CCP) assured service', '2022-02-01 09:58:35', '2022-02-01 09:58:35');
INSERT INTO `page_certificates` VALUES (43, 'Advanced International Diploma in Business analysis', '2022-02-02 09:45:40', '2022-02-02 09:45:40');
INSERT INTO `page_certificates` VALUES (44, 'Expert BA Award', '2022-02-07 14:12:21', '2022-02-07 14:12:21');
INSERT INTO `page_certificates` VALUES (45, 'International Diploma in Business Analysis', '2022-02-07 14:12:21', '2022-02-07 14:12:21');
INSERT INTO `page_certificates` VALUES (46, 'BCS Practitioner Certificate in Systems Modelling Techniques', '2022-02-07 14:12:21', '2022-02-07 14:12:21');
INSERT INTO `page_certificates` VALUES (47, 'BCS Practitioner Certificate in Systems Development Essentials', '2022-02-07 14:12:21', '2022-02-07 14:12:21');
INSERT INTO `page_certificates` VALUES (48, 'BCS Certificate in IT', '2022-02-07 14:12:21', '2022-02-07 14:12:21');
INSERT INTO `page_certificates` VALUES (49, 'BCS Diploma in IT', '2022-02-07 14:12:21', '2022-02-07 14:12:21');
INSERT INTO `page_certificates` VALUES (50, 'BCS Professional Graduate Diploma in IT', '2022-02-07 14:12:21', '2022-02-07 14:12:21');
INSERT INTO `page_certificates` VALUES (51, 'HEQ Student member', '2022-02-07 14:12:21', '2022-02-07 14:12:21');

-- ----------------------------
-- Table structure for page_details_accordians
-- ----------------------------
DROP TABLE IF EXISTS `page_details_accordians`;
CREATE TABLE `page_details_accordians`  (
  `id` bigint UNSIGNED NOT NULL AUTO_INCREMENT,
  `h1` longtext CHARACTER SET utf8mb4 COLLATE utf8mb4_unicode_ci NOT NULL,
  `p1` longtext CHARACTER SET utf8mb4 COLLATE utf8mb4_unicode_ci NOT NULL,
  `li` longtext CHARACTER SET utf8mb4 COLLATE utf8mb4_unicode_ci NOT NULL,
  `created_at` timestamp NULL DEFAULT NULL,
  `updated_at` timestamp NULL DEFAULT NULL,
  `page_details_id` bigint UNSIGNED NOT NULL,
  PRIMARY KEY (`id`) USING BTREE,
  INDEX `page_details_accordians_page_details_id_foreign`(`page_details_id` ASC) USING BTREE,
  CONSTRAINT `page_details_accordians_page_details_id_foreign` FOREIGN KEY (`page_details_id`) REFERENCES `page_certificate_details` (`id`) ON DELETE RESTRICT ON UPDATE RESTRICT
) ENGINE = InnoDB AUTO_INCREMENT = 6 CHARACTER SET = utf8mb4 COLLATE = utf8mb4_unicode_ci ROW_FORMAT = Dynamic;

-- ----------------------------
-- Records of page_details_accordians
-- ----------------------------
INSERT INTO `page_details_accordians` VALUES (1, 'Step 1 - Registration', 'Start your application by completing the registration form and emailing it to us at eprofessional@bcs.uk.\r\n\r\nThis provides us with your contact details, and details of the prerequisite certificates that you hold. When you’ve registered, we’ll send you an email confirming your next steps.', '', '2022-02-02 10:03:40', '2022-02-02 10:03:40', 49);
INSERT INTO `page_details_accordians` VALUES (2, 'Step 2 - Written Submission', 'Experience requirement\r\nThe experience you set out in your written submission should equate to a minimum of five years working in the field of business analysis at a senior level, as defined in the Skills Framework for the Information Age (SFIA) - you’ll be expected to have had responsibility and accountability for business analysis work at SFIA level 5, with some work at SFIA level 6.\r\n\r\n\r\nYou should provide examples of your application of business analysis using the stages of the Business Analysis Process Model:', 'Investigate situation,\nConsider perspectives,\nAnalyse needs,\nEvaluate options,\nDefine requirements', '2022-02-02 10:02:46', '2022-02-02 10:02:46', 49);
INSERT INTO `page_details_accordians` VALUES (3, 'Step 3 - Supporter Validation', '', 'You need to identify at least one supporter - an individual who know you in a professional capacity who’s able to comment on your competence and experience. Typically they’ll be in a more senior role or management position relating to the work you’ve featured in your written submission,\r\n\r\nYour supporter(s) must read and sign your written application before it’s submitted, validating the information you’ve provided and confirming their support for your application.,\r\n\r\nPlease notify your supporter(s) that BCS will hold their contact details for the purposes of processing your application and that they may be contacted by a BCS assessor if we need to discuss any of the evidence in your application in greater depth.', '2022-02-02 10:02:46', '2022-02-02 10:02:46', 49);
INSERT INTO `page_details_accordians` VALUES (4, ' Step 4 - Portfolio Review', 'BCS may decide to award the Advanced International Diploma based on your portfolio evidence alone, or we may need to discuss your evidence in more detail, with you or your supporter(s). If this is the case, an authorised BCS assessor will organise a call, and then report his recommendations to BCS so we can make our final decision.', 'your certification evidence is correct,\r\nyou’ve made a sufficient contribution to the BA community,\r\nconforms with the five-year minimum requirement and is supported by a senior colleague,\r\nis relevant business analysis work and demonstrates the appropriate SFIA levels,\r\ndemonstrates your personal skills relevant to the appropriate area: stakeholder engagement or team leadership', '2022-02-02 10:02:46', '2022-02-02 10:02:46', 49);
INSERT INTO `page_details_accordians` VALUES (5, 'Step 5 - What happens when i achieve my Advanced International Diploma?', '', 'You’re required to recertify your Advanced International Diploma every three years. This involves providing evidence of your continuing BA experience personal development and contribution to the BA community.,\r\n\r\nWhen you successfully complete the BCS Advanced International Diploma in Business Analysis you are eligible to apply to become a Chartered IT Professional.,\r\n\r\nSet yourself apart as a highly-skilled IT professional, apply for CITP.', '2022-02-02 10:02:46', '2022-02-02 10:02:46', 49);

-- ----------------------------
-- Table structure for page_membership_details
-- ----------------------------
DROP TABLE IF EXISTS `page_membership_details`;
CREATE TABLE `page_membership_details`  (
  `id` bigint NOT NULL AUTO_INCREMENT,
  `membership_id` bigint NOT NULL,
  `main_h` longtext CHARACTER SET utf8mb4 COLLATE utf8mb4_general_ci NOT NULL,
  `p1` longtext CHARACTER SET utf8mb4 COLLATE utf8mb4_general_ci NOT NULL,
  `h1` longtext CHARACTER SET utf8mb4 COLLATE utf8mb4_general_ci NOT NULL,
  `p1_1` longtext CHARACTER SET utf8mb4 COLLATE utf8mb4_general_ci NOT NULL,
  `p1_2` longtext CHARACTER SET utf8mb4 COLLATE utf8mb4_general_ci NOT NULL,
  `p1_3` longtext CHARACTER SET utf8mb4 COLLATE utf8mb4_general_ci NOT NULL,
  `h2` longtext CHARACTER SET utf8mb4 COLLATE utf8mb4_general_ci NOT NULL,
  `h2_1` longtext CHARACTER SET utf8mb4 COLLATE utf8mb4_general_ci NOT NULL,
  `li1` longtext CHARACTER SET utf8mb4 COLLATE utf8mb4_general_ci NOT NULL,
  `p2` longtext CHARACTER SET utf8mb4 COLLATE utf8mb4_general_ci NOT NULL,
  `h3` longtext CHARACTER SET utf8mb4 COLLATE utf8mb4_general_ci NOT NULL,
  `li2` longtext CHARACTER SET utf8mb4 COLLATE utf8mb4_general_ci NOT NULL,
  `p3` longtext CHARACTER SET utf8mb4 COLLATE utf8mb4_general_ci NOT NULL,
  PRIMARY KEY (`id`) USING BTREE
) ENGINE = InnoDB AUTO_INCREMENT = 4 CHARACTER SET = utf8mb4 COLLATE = utf8mb4_general_ci ROW_FORMAT = Dynamic;

-- ----------------------------
-- Records of page_membership_details
-- ----------------------------
INSERT INTO `page_membership_details` VALUES (1, 1, 'Become an HEQ Student member', 'To sit our HEQ exams - at any level - you need to be a BCS member.', 'Making the most of your membership ', 'We recommend you apply to become a BCS Student member as soon as you enrol so that you can take full advantage of the development opportunities available to you through your membership.', 'As a BCS Student member you’ll have access to a wide range of career services, professional development tools and networking opportunities, as well as 20% discount across our BCS bookshop. ', 'You could tap into the knowledge and experience of a BCS mentor, perhaps a post-grad student or newly-qualified practitioner to guide your next steps. Or connect with the global IT community at one of our specialist groups, UK branches or international sections which include hubs in Sri Lanka and Mauritius.  ', 'Become a BCS Student member today ', 'Full course membership ', 'Price: £30,Duration: Four years ', 'If you’re studying the complete HEQ programme at all three levels, we recommend taking up the full course option - you’ll be a BCS Student member for four years which should cover your study period.   ', 'Annual membership ', 'Price: £20,Duration: One year ', 'If you’re not sure which study programme you’re going to follow, you can choose to become a BCS Student member for one year at a time. (Remember that you need to be a BCS member to sit an HEQ exam.)   ');

-- ----------------------------
-- Table structure for page_memberships
-- ----------------------------
DROP TABLE IF EXISTS `page_memberships`;
CREATE TABLE `page_memberships`  (
  `id` bigint UNSIGNED NOT NULL AUTO_INCREMENT,
  `name` longtext CHARACTER SET utf8mb4 COLLATE utf8mb4_general_ci NOT NULL,
  `created_at` datetime NOT NULL,
  `updated_at` timestamp NOT NULL DEFAULT current_timestamp ON UPDATE CURRENT_TIMESTAMP,
  PRIMARY KEY (`id`) USING BTREE
) ENGINE = InnoDB AUTO_INCREMENT = 4 CHARACTER SET = utf8mb4 COLLATE = utf8mb4_general_ci ROW_FORMAT = Dynamic;

-- ----------------------------
-- Records of page_memberships
-- ----------------------------
INSERT INTO `page_memberships` VALUES (1, 'BCS Certificate in IT', '2022-02-21 14:25:22', '2022-02-21 13:25:58');
INSERT INTO `page_memberships` VALUES (2, 'BCS Diploma in IT', '2022-02-21 14:25:22', '2022-02-21 13:25:58');
INSERT INTO `page_memberships` VALUES (3, 'BCS Professional Graduate Diploma in IT', '2022-02-21 14:25:22', '2022-02-21 13:25:58');

-- ----------------------------
-- Table structure for password_resets
-- ----------------------------
DROP TABLE IF EXISTS `password_resets`;
CREATE TABLE `password_resets`  (
  `email` varchar(255) CHARACTER SET utf8mb4 COLLATE utf8mb4_unicode_ci NOT NULL,
  `token` varchar(255) CHARACTER SET utf8mb4 COLLATE utf8mb4_unicode_ci NOT NULL,
  `created_at` timestamp NULL DEFAULT NULL,
  INDEX `password_resets_email_index`(`email` ASC) USING BTREE
) ENGINE = InnoDB CHARACTER SET = utf8mb4 COLLATE = utf8mb4_unicode_ci ROW_FORMAT = Dynamic;

-- ----------------------------
-- Records of password_resets
-- ----------------------------

-- ----------------------------
-- Table structure for users
-- ----------------------------
DROP TABLE IF EXISTS `users`;
CREATE TABLE `users`  (
  `id` bigint UNSIGNED NOT NULL AUTO_INCREMENT,
  `name` varchar(255) CHARACTER SET utf8mb4 COLLATE utf8mb4_unicode_ci NOT NULL,
  `email` varchar(255) CHARACTER SET utf8mb4 COLLATE utf8mb4_unicode_ci NOT NULL,
  `email_verified_at` timestamp NULL DEFAULT NULL,
  `password` varchar(255) CHARACTER SET utf8mb4 COLLATE utf8mb4_unicode_ci NOT NULL,
  `remember_token` varchar(100) CHARACTER SET utf8mb4 COLLATE utf8mb4_unicode_ci NULL DEFAULT NULL,
  `created_at` timestamp NULL DEFAULT NULL,
  `updated_at` timestamp NULL DEFAULT NULL,
  PRIMARY KEY (`id`) USING BTREE,
  UNIQUE INDEX `users_email_unique`(`email` ASC) USING BTREE
) ENGINE = InnoDB AUTO_INCREMENT = 2 CHARACTER SET = utf8mb4 COLLATE = utf8mb4_unicode_ci ROW_FORMAT = Dynamic;

-- ----------------------------
-- Records of users
-- ----------------------------
INSERT INTO `users` VALUES (1, 'Zak', 'zak@mayfairitconsultancy.com', NULL, '$2y$10$d.GX53/lY/Rs72v4A8g47uM0zdCeBS60n1loOngzipgkVPiTyxOau', NULL, '2022-01-05 13:21:03', '2022-01-05 13:21:03');

SET FOREIGN_KEY_CHECKS = 1;
